TransactionID,TransactionDate,CustomerID,ProductID,StoreID,CampaignID,TotalAmount,QuantitySold,SalesRepresentative
1,5/4/2025,1034,2059,402,0,2048.2,7,S. Patel
2,5/4/2025,1066,2048,403,1,321.87,4,M. Chen
3,5/4/2025,1116,2041,403,3,3216.84,8,A. Torres
4,5/4/2025,1071,2096,404,2,1613.23,5,K. Nguyen
5,5/4/2025,1020,2060,401,0,408.38,7,J. Alvarez
6,5/4/2025,1089,2028,401,0,1275.88,3,J. Alvarez
7,5/4/2025,1193,2003,402,1,346.66,7,A. Torres
8,5/4/2025,1005,2079,402,1,855.49,8,K. Nguyen
9,5/4/2025,1032,2060,401,1,735.08,5,A. Torres
10,5/4/2025,1119,2089,403,2,661.63,4,M. Chen
11,5/4/2025,1042,2077,401,,505.65,8,S. Patel
12,5/4/2025,1079,2013,401,2,0,8,J. Alvarez
13,5/4/2025,1147,2086,404,3,4470.5,3,M. Chen
14,5/4/2025,1183,2025,401,1,503.32,6,S. Patel
15,5/4/2025,1026,2089,403,0,413.52,5,M. Chen
16,5/4/2025,1144,2005,403,3,1715.12,2,K. Nguyen
17,5/4/2025,1169,2047,401,2,535.97,8,J. Alvarez
18,5/4/2025,1003,2053,404,0,3660.9,6,A. Torres
19,5/4/2025,1110,2046,404,1,30.09,2,A. Torres
20,5/4/2025,1111,2022,403,3,671.18,5,S. Patel
21,5/4/2025,1119,2055,403,2,?,1,R. Gomez
22,5/4/2025,1062,2011,403,3,1229.22,6,K. Nguyen
23,5/4/2025,1062,2096,404,3,672.18,9,S. Patel
24,5/4/2025,1086,2003,404,2,924.43,1,R. Gomez
25,5/4/2025,1046,2062,402,2,1981.95,3,M. Chen
26,5/4/2025,1066,2043,403,2,698.76,7,K. Nguyen
27,5/4/2025,1142,2001,402,0,1237.05,4,M. Chen
28,5/4/2025,1061,2092,404,3,482.21,9,J. Alvarez
29,5/4/2025,1142,2097,402,3,4210.5,3,K. Nguyen
30,5/4/2025,1165,2091,404,3,4528.95,5,R. Gomez
31,2023-13-01,1004,2011,403,1,737.53,3,J. Alvarez
32,5/4/2025,1103,2088,402,2,0,7,A. Torres
33,5/4/2025,1169,2074,403,3,0,5,R. Gomez
34,5/4/2025,1141,2067,403,3,872.85,9,S. Patel
35,5/4/2025,1190,2070,403,2,54.69,7,A. Torres
36,5/4/2025,1179,2058,403,2,1066.8,2,A. Torres
37,5/4/2025,1064,2029,401,1,12.16,4,S. Patel
38,5/4/2025,1080,2015,402,1,3037.36,9,K. Nguyen
39,5/4/2025,1055,2094,404,2,1578.72,2,A. Torres
40,5/4/2025,1185,2075,403,0,0,9,R. Gomez
41,5/4/2025,9999,2037,402,2,288.11,5,J. Alvarez
42,5/4/2025,1045,2038,401,1,1667.72,2,A. Torres
43,5/4/2025,1070,2005,401,2,686.05,4,R. Gomez
44,5/4/2025,1178,2016,404,0,0,7,M. Chen
45,5/4/2025,1003,2073,403,3,1498.29,8,R. Gomez
46,5/4/2025,1122,2056,403,1,944.5,3,J. Alvarez
47,5/4/2025,1013,2032,404,0,2836.8,1,R. Gomez
48,5/4/2025,1016,2051,404,0,117.32,4,S. Patel
49,5/4/2025,1147,2080,401,1,0,2,J. Alvarez
50,5/4/2025,1038,2072,403,0,840.6,8,K. Nguyen
51,5/4/2025,1063,2015,404,1,1214.95,4,M. Chen
52,5/4/2025,1198,2066,404,3,516.06,2,S. Patel
53,5/4/2025,1113,2038,404,2,2223.62,6,K. Nguyen
54,5/4/2025,1145,2079,401,0,1901.08,6,R. Gomez
55,5/4/2025,1195,2026,402,2,507.74,4,J. Alvarez
56,5/4/2025,1169,2010,402,1,140.11,6,M. Chen
57,5/4/2025,1044,2070,401,1,0,2,S. Patel
58,5/4/2025,1000,2052,404,3,2193.78,2,K. Nguyen
59,5/4/2025,1074,2004,402,2,741.8,4,K. Nguyen
60,5/4/2025,1180,2036,404,0,217.98,8,M. Chen
61,5/4/2025,1175,2029,403,1,36.48,7,R. Gomez
62,5/4/2025,1108,2014,402,1,221.67,9,M. Chen
63,5/4/2025,1068,2018,401,0,2169.04,8,K. Nguyen
64,5/4/2025,1042,2039,403,3,2929.32,5,A. Torres
65,5/4/2025,1031,2059,403,3,0,2,S. Patel
66,5/4/2025,1069,2064,404,3,1470.2,5,M. Chen
67,5/4/2025,1020,2076,401,3,4836.42,8,K. Nguyen
68,5/4/2025,1188,2041,403,0,1608.42,9,R. Gomez
69,5/4/2025,1023,2029,401,2,0,9,K. Nguyen
70,5/4/2025,1147,2005,402,3,0,1,R. Gomez
71,5/4/2025,1132,2083,404,2,614.53,9,M. Chen
72,5/4/2025,1046,2074,404,3,659.5,7,R. Gomez
73,5/4/2025,1023,2060,403,3,1225.14,9,J. Alvarez
74,5/4/2025,1085,2041,401,1,1447.58,8,J. Alvarez
75,5/4/2025,1084,2052,404,2,2925.04,1,J. Alvarez
76,5/4/2025,1169,2051,401,3,117.32,8,A. Torres
77,5/4/2025,1022,2040,403,2,55.26,8,M. Chen
78,5/4/2025,1029,2098,404,0,3631.44,3,K. Nguyen
79,5/4/2025,1168,2069,404,3,232.39,1,K. Nguyen
80,5/4/2025,1013,2024,403,3,372.81,8,A. Torres
81,5/4/2025,1160,2056,401,1,472.25,3,R. Gomez
82,5/4/2025,1068,2070,402,2,109.38,3,A. Torres
83,5/4/2025,1112,2089,404,0,2067.6,1,R. Gomez
84,5/4/2025,1007,2080,402,1,1498.07,5,R. Gomez
85,5/4/2025,1079,2070,401,3,34.18,7,S. Patel
86,5/4/2025,1023,2028,401,3,2551.76,9,K. Nguyen
87,5/4/2025,1030,2082,402,3,799.8,7,J. Alvarez
88,5/4/2025,1183,2037,403,3,2160.84,9,R. Gomez
89,5/4/2025,1123,2060,402,3,2450.28,8,S. Patel
90,5/4/2025,1141,2018,404,1,2440.17,2,K. Nguyen
91,5/4/2025,1153,2065,402,0,470.34,1,J. Alvarez
92,5/4/2025,1070,2098,404,2,0,7,R. Gomez
93,5/4/2025,1129,2034,401,2,108.94,7,R. Gomez
94,5/4/2025,1185,2038,404,1,1667.72,8,A. Torres
95,5/4/2025,1114,2068,404,2,656.19,5,A. Torres
96,5/4/2025,1085,2070,404,3,0,3,K. Nguyen
97,5/4/2025,1082,2024,402,3,372.81,8,J. Alvarez
98,5/4/2025,1059,2099,404,0,1292.64,6,R. Gomez
99,5/4/2025,1081,2095,404,3,490.79,3,K. Nguyen
100,5/4/2025,1098,2084,402,3,0,1,K. Nguyen
101,5/4/2025,1009,2016,403,0,969.06,3,M. Chen
102,5/4/2025,1112,2012,404,0,1869.57,5,A. Torres
103,5/4/2025,1184,2018,404,1,488.03,3,J. Alvarez
104,5/4/2025,1019,2060,403,2,0,1,R. Gomez
105,5/4/2025,1159,2088,404,0,0,5,K. Nguyen
106,5/4/2025,1084,2086,404,2,2861.12,7,R. Gomez
107,5/4/2025,1160,2091,404,0,905.79,7,M. Chen
108,5/4/2025,1158,2008,402,2,159.82,9,J. Alvarez
109,5/4/2025,1058,2095,401,3,2453.95,3,K. Nguyen
110,5/4/2025,1025,2097,401,3,842.1,7,R. Gomez
111,5/4/2025,1042,2088,403,0,709.35,1,A. Torres
112,5/4/2025,1011,2041,401,2,0,4,M. Chen
113,5/4/2025,1091,2047,404,1,0,4,J. Alvarez
114,5/4/2025,1062,2067,404,1,0,5,M. Chen
115,5/4/2025,1043,2022,401,3,2684.72,7,A. Torres
116,5/4/2025,1158,2087,402,3,477.96,7,J. Alvarez
117,5/4/2025,1149,2018,402,3,1626.78,4,M. Chen
118,5/4/2025,1163,2032,404,2,756.48,7,S. Patel
119,5/4/2025,1170,2001,404,2,659.76,3,A. Torres
120,5/4/2025,1173,2069,402,0,464.78,6,A. Torres
121,5/4/2025,1113,2044,403,3,0,2,A. Torres
122,5/4/2025,1176,2032,404,2,756.48,9,S. Patel
123,5/4/2025,1050,2049,404,0,2819.52,5,S. Patel
124,5/4/2025,1060,2048,403,2,1144.42,6,R. Gomez
125,5/4/2025,1179,2037,401,3,1440.56,4,K. Nguyen
126,5/4/2025,1070,2001,401,3,0,7,M. Chen
127,5/4/2025,1073,2099,402,2,0,9,R. Gomez
128,5/4/2025,1056,2081,402,2,0,7,M. Chen
129,5/4/2025,1173,2096,402,0,672.18,1,K. Nguyen
130,5/4/2025,1160,2082,401,2,426.56,1,S. Patel
131,5/4/2025,1112,2004,403,1,1669.05,9,K. Nguyen
132,5/4/2025,1023,2037,403,3,2160.84,9,S. Patel
133,5/4/2025,1044,2025,402,2,223.7,4,K. Nguyen
134,5/4/2025,1135,2064,403,1,793.91,9,R. Gomez
135,5/4/2025,1065,2061,403,2,639.74,3,J. Alvarez
136,5/4/2025,1029,2059,401,1,921.69,7,R. Gomez
137,5/4/2025,1193,2028,404,2,1531.06,6,M. Chen
138,5/4/2025,1023,2050,401,2,298.85,8,R. Gomez
139,5/4/2025,1137,2015,404,2,539.98,9,A. Torres
140,5/4/2025,1172,2095,403,3,2453.95,5,M. Chen
141,5/4/2025,1163,2047,401,1,301.48,1,K. Nguyen
142,5/4/2025,1120,2003,403,1,1039.99,3,M. Chen
143,5/4/2025,1165,2008,404,2,53.27,8,J. Alvarez
144,5/4/2025,1166,2052,401,1,658.13,6,S. Patel
145,5/4/2025,1011,2004,403,3,3709,8,K. Nguyen
146,5/4/2025,1029,2012,402,1,0,9,M. Chen
147,5/4/2025,1099,2058,403,3,666.75,4,K. Nguyen
148,5/4/2025,1150,2095,402,3,490.79,1,K. Nguyen
149,5/4/2025,1167,2012,404,3,0,1,K. Nguyen
150,5/4/2025,1071,2004,403,1,834.52,4,S. Patel
151,5/4/2025,1113,2056,402,2,839.55,7,R. Gomez
152,5/4/2025,1025,2087,403,2,0,2,K. Nguyen
153,5/4/2025,1015,2050,403,1,504.31,3,A. Torres
154,5/4/2025,1031,2058,401,1,2400.3,1,J. Alvarez
155,5/4/2025,1164,2081,401,0,2984.88,5,S. Patel
156,5/4/2025,1085,2031,402,1,508.77,1,M. Chen
157,5/4/2025,1017,2097,402,1,757.89,8,S. Patel
158,5/4/2025,1059,2042,402,0,0,1,M. Chen
159,5/4/2025,1070,2018,402,2,0,1,S. Patel
160,5/4/2025,1044,2014,401,1,886.68,2,M. Chen
161,5/4/2025,1003,2045,402,2,499.42,2,K. Nguyen
162,5/4/2025,1004,2022,403,0,671.18,6,R. Gomez
163,5/4/2025,1032,2094,404,0,493.35,7,M. Chen
164,5/4/2025,1190,2008,404,3,266.36,5,M. Chen
165,5/4/2025,1199,2046,401,3,167.15,1,A. Torres
166,5/4/2025,1128,2028,401,2,2041.41,1,M. Chen
167,5/4/2025,1117,2082,401,0,799.8,3,A. Torres
168,5/4/2025,1122,2051,404,0,234.64,2,J. Alvarez
169,5/4/2025,1125,2091,404,0,1811.58,5,K. Nguyen
170,5/4/2025,1020,2041,402,0,0,6,A. Torres
171,5/4/2025,1032,2035,403,3,4499.95,7,R. Gomez
172,5/4/2025,1152,2067,403,3,872.85,4,K. Nguyen
173,5/4/2025,1129,2077,404,0,2809.15,7,A. Torres
174,5/4/2025,1179,2014,402,3,738.9,8,K. Nguyen
175,5/4/2025,1115,2029,404,2,0,1,K. Nguyen
176,5/4/2025,1116,2051,404,0,351.96,6,K. Nguyen
177,5/4/2025,1080,2054,403,2,3602.04,8,J. Alvarez
178,5/4/2025,1095,2019,404,0,933.93,5,R. Gomez
179,5/4/2025,1023,2010,401,3,0,4,S. Patel
180,5/4/2025,1024,2095,403,1,3533.69,2,S. Patel
181,5/4/2025,1142,2007,403,0,583.39,6,A. Torres
182,5/4/2025,1105,2045,404,0,624.28,6,K. Nguyen
183,5/4/2025,1073,2076,403,2,1934.57,1,A. Torres
184,5/4/2025,1026,2073,402,1,1797.95,9,J. Alvarez
185,5/4/2025,1168,2061,402,0,599.76,6,J. Alvarez
186,5/4/2025,1089,2071,403,0,0,3,M. Chen
187,5/4/2025,1195,2035,402,3,0,4,J. Alvarez
188,5/4/2025,1143,2098,401,2,2178.86,4,M. Chen
189,5/4/2025,1007,2023,403,2,751.63,3,R. Gomez
190,5/4/2025,1086,2044,401,1,373.64,3,A. Torres
191,5/4/2025,1036,2072,404,0,1260.9,3,R. Gomez
192,5/4/2025,1036,2094,401,0,2466.75,4,J. Alvarez
193,5/4/2025,1191,2067,402,3,872.85,7,R. Gomez
194,5/4/2025,1107,2058,403,1,1800.22,4,R. Gomez
195,5/4/2025,1094,2039,403,0,1952.88,9,R. Gomez
196,5/4/2025,1013,2019,402,0,0,1,J. Alvarez
197,5/4/2025,1172,2010,403,3,0,8,K. Nguyen
198,5/4/2025,1169,2054,404,3,900.51,7,R. Gomez
199,5/4/2025,1106,2034,402,0,136.17,2,M. Chen
200,5/4/2025,1088,2055,401,2,129.46,8,J. Alvarez
201,5/4/2025,1173,2086,404,2,715.28,1,R. Gomez
202,5/4/2025,1011,2028,404,0,0,9,K. Nguyen
203,5/4/2025,1001,2026,403,1,190.4,9,J. Alvarez
204,5/4/2025,1196,2017,403,2,370.96,2,S. Patel
205,5/4/2025,1083,2015,401,3,0,7,K. Nguyen
206,5/4/2025,1191,2055,402,1,48.55,3,M. Chen
207,5/4/2025,1097,2068,402,2,1312.38,7,R. Gomez
208,5/4/2025,1018,2050,401,3,0,9,S. Patel
209,5/4/2025,1004,2058,401,2,1066.8,4,S. Patel
210,5/4/2025,1147,2054,404,3,2701.53,1,J. Alvarez
211,5/4/2025,1074,2014,404,0,738.9,2,S. Patel
212,5/4/2025,1083,2021,404,2,668.33,1,M. Chen
213,5/4/2025,1022,2055,401,1,97.09,5,M. Chen
214,5/4/2025,1111,2075,404,0,1561.28,5,A. Torres
215,5/4/2025,1101,2039,403,1,2636.39,7,M. Chen
216,5/4/2025,1085,2099,402,0,646.32,9,K. Nguyen
217,5/4/2025,1130,2081,401,1,1343.2,9,S. Patel
218,5/4/2025,1198,2044,403,1,186.82,3,M. Chen
219,5/4/2025,1060,2013,402,2,0,3,J. Alvarez
220,5/4/2025,1050,2022,402,0,671.18,3,A. Torres
221,5/4/2025,1045,2098,404,3,907.86,4,S. Patel
222,5/4/2025,1193,2072,404,2,1681.2,8,A. Torres
223,5/4/2025,1160,2040,402,3,138.16,6,S. Patel
224,5/4/2025,1017,2060,404,2,0,8,J. Alvarez
225,5/4/2025,1070,2075,401,2,624.51,1,A. Torres
226,5/4/2025,1129,2009,403,3,198.93,8,R. Gomez
227,5/4/2025,1115,2004,401,2,2225.4,4,K. Nguyen
228,5/4/2025,1073,2009,401,3,66.31,1,K. Nguyen
229,5/4/2025,1118,2074,401,3,659.5,8,S. Patel
230,5/4/2025,1146,2083,402,2,614.53,4,R. Gomez
231,5/4/2025,1154,2060,402,0,408.38,6,A. Torres
232,5/4/2025,1115,2013,403,0,2806.08,8,R. Gomez
233,5/4/2025,1129,2082,402,0,1066.4,4,R. Gomez
234,5/4/2025,1063,2090,404,3,71.64,3,A. Torres
235,5/4/2025,1134,2066,402,2,1238.54,9,J. Alvarez
236,5/4/2025,1095,2036,404,3,653.94,3,R. Gomez
237,5/4/2025,1198,2043,401,2,1397.52,9,R. Gomez
238,5/4/2025,1016,2042,401,3,0,2,J. Alvarez
239,5/4/2025,1072,2032,402,2,1512.96,2,R. Gomez
240,5/4/2025,1020,2074,402,2,527.6,2,R. Gomez
241,5/4/2025,1079,2083,404,1,691.34,6,R. Gomez
242,5/4/2025,1152,2090,401,2,57.31,3,K. Nguyen
243,5/4/2025,1143,2048,403,1,0,9,M. Chen
244,5/4/2025,1171,2089,401,3,1654.08,4,J. Alvarez
245,5/4/2025,1130,2046,401,2,106.98,1,R. Gomez
246,5/4/2025,1079,2023,402,2,3006.53,4,K. Nguyen
247,5/4/2025,1196,2062,402,1,1114.85,1,J. Alvarez
248,5/4/2025,1035,2019,401,2,0,5,S. Patel
249,5/4/2025,1025,2064,401,2,705.7,4,S. Patel
250,5/4/2025,1196,2079,402,3,2851.62,8,R. Gomez
251,5/4/2025,1039,2020,402,1,338.25,8,K. Nguyen
252,5/4/2025,1184,2056,401,3,1574.16,7,K. Nguyen
253,5/4/2025,1093,2086,402,3,3576.4,3,J. Alvarez
254,5/4/2025,1156,2036,404,1,392.36,1,J. Alvarez
255,5/4/2025,1136,2030,403,3,509.91,1,K. Nguyen
256,5/4/2025,1049,2047,404,3,1674.9,3,J. Alvarez
257,5/4/2025,1196,2036,404,3,0,6,K. Nguyen
258,5/4/2025,1041,2025,402,2,671.09,7,M. Chen
259,5/4/2025,1013,2082,404,2,1066.4,6,K. Nguyen
260,5/4/2025,1141,2013,401,2,748.29,6,S. Patel
261,5/4/2025,1021,2097,402,2,673.68,6,J. Alvarez
262,5/4/2025,1115,2065,402,3,1881.36,3,K. Nguyen
263,5/4/2025,1023,2028,404,2,510.35,6,K. Nguyen
264,5/4/2025,1006,2053,401,3,610.15,8,J. Alvarez
265,5/4/2025,1128,2047,402,3,1004.94,2,M. Chen
266,5/4/2025,1020,2047,402,0,669.96,5,M. Chen
267,5/4/2025,1081,2012,403,1,1682.61,1,J. Alvarez
268,5/4/2025,1035,2004,403,3,927.25,1,A. Torres
269,5/4/2025,1178,2017,404,3,1854.8,5,J. Alvarez
270,5/4/2025,1157,2000,401,0,1938.62,3,J. Alvarez
271,5/4/2025,1065,2027,402,3,775.83,4,M. Chen
272,5/4/2025,1028,2099,403,1,3490.13,3,M. Chen
273,5/4/2025,1077,2015,401,1,1822.42,1,J. Alvarez
274,5/4/2025,1107,2081,404,0,2238.66,1,J. Alvarez
275,5/4/2025,1028,2063,401,1,994.43,5,J. Alvarez
276,5/4/2025,1183,2018,403,3,2711.3,6,M. Chen
277,5/4/2025,1000,2078,403,1,0,3,J. Alvarez
278,5/4/2025,1146,2053,402,0,1220.3,9,J. Alvarez
279,5/4/2025,1134,2046,401,0,33.43,5,R. Gomez
280,5/4/2025,1099,2060,401,3,1633.52,8,A. Torres
281,5/4/2025,1095,2032,401,2,1512.96,1,S. Patel
282,5/4/2025,1017,2044,402,0,207.58,5,A. Torres
283,5/4/2025,1197,2074,403,1,593.55,3,R. Gomez
284,5/4/2025,1011,2045,403,1,842.78,1,S. Patel
285,5/4/2025,1199,2087,404,3,159.32,4,J. Alvarez
286,5/4/2025,1161,2023,402,0,939.54,5,R. Gomez
287,5/4/2025,1183,2099,404,0,1292.64,7,J. Alvarez
288,5/4/2025,1075,2025,401,1,0,1,M. Chen
289,5/4/2025,1010,2040,403,3,138.16,3,K. Nguyen
290,5/4/2025,1139,2060,403,0,1225.14,2,R. Gomez
291,5/4/2025,1192,2082,402,2,213.28,9,M. Chen
292,5/4/2025,1091,2099,401,2,1034.11,6,R. Gomez
293,5/4/2025,1069,2015,403,3,2699.88,3,R. Gomez
294,5/4/2025,1102,2095,404,3,1472.37,8,M. Chen
295,5/4/2025,1086,2023,404,3,3758.16,8,S. Patel
296,5/4/2025,1094,2066,403,0,1032.12,2,A. Torres
297,5/4/2025,1186,2054,401,3,0,6,J. Alvarez
298,5/4/2025,1154,2023,403,2,751.63,7,R. Gomez
299,5/4/2025,1026,2010,403,2,62.27,2,J. Alvarez
300,5/4/2025,1078,2057,404,1,393.28,2,K. Nguyen
301,5/4/2025,1176,2056,403,3,524.72,1,M. Chen
302,5/4/2025,1010,2093,403,3,0,8,J. Alvarez
303,5/4/2025,1070,2081,401,0,1492.44,1,M. Chen
304,5/4/2025,1171,2081,404,2,596.98,9,J. Alvarez
305,5/4/2025,1131,2095,402,0,1472.37,6,A. Torres
306,5/4/2025,1036,2077,404,0,1123.66,7,A. Torres
307,5/4/2025,1032,2008,402,2,106.54,7,A. Torres
308,5/4/2025,1092,2049,401,1,0,3,A. Torres
309,5/4/2025,1173,2057,403,2,349.58,2,A. Torres
310,5/4/2025,1113,2097,401,1,757.89,9,A. Torres
311,5/4/2025,1135,2046,404,2,80.23,8,M. Chen
312,5/4/2025,1166,2035,402,0,899.99,7,R. Gomez
313,5/4/2025,1006,2094,402,3,1480.05,9,J. Alvarez
314,5/4/2025,1132,2049,401,2,1503.74,4,A. Torres
315,5/4/2025,1198,2033,404,1,2257.88,4,M. Chen
316,5/4/2025,1156,2036,404,1,784.73,1,M. Chen
317,5/4/2025,1031,2017,401,3,0,8,M. Chen
318,5/4/2025,1044,2091,404,0,1811.58,3,R. Gomez
319,5/4/2025,1174,2040,403,0,34.54,7,J. Alvarez
320,5/4/2025,1140,2069,403,2,557.74,2,R. Gomez
321,5/4/2025,1040,2091,402,2,724.63,2,S. Patel
322,5/4/2025,1130,2028,401,1,574.15,7,M. Chen
323,5/4/2025,1035,2030,404,0,339.94,6,S. Patel
324,5/4/2025,1092,2070,403,3,102.54,3,K. Nguyen
325,5/4/2025,1141,2016,401,0,0,9,A. Torres
326,5/4/2025,1079,2050,404,3,186.78,6,A. Torres
327,5/4/2025,1196,2052,401,1,2632.54,6,R. Gomez
328,5/4/2025,1081,2082,401,3,1066.4,1,J. Alvarez
329,5/4/2025,1119,2087,403,1,0,4,S. Patel
330,5/4/2025,1199,2070,402,1,30.76,6,J. Alvarez
331,5/4/2025,1110,2064,401,0,0,6,R. Gomez
332,5/4/2025,1132,2019,403,1,1681.07,5,A. Torres
333,5/4/2025,1041,2041,402,2,643.37,1,J. Alvarez
334,5/4/2025,1132,2036,401,2,348.77,8,J. Alvarez
335,5/4/2025,1050,2081,403,1,2686.39,5,A. Torres
336,5/4/2025,1160,2038,401,1,0,5,S. Patel
337,5/4/2025,1151,2074,402,1,1187.1,7,A. Torres
338,5/4/2025,1168,2079,403,0,1901.08,4,J. Alvarez
339,5/4/2025,1007,2010,401,2,62.27,6,S. Patel
340,5/4/2025,1166,2026,404,0,0,4,S. Patel
341,5/4/2025,1127,2080,403,2,1997.42,3,A. Torres
342,5/4/2025,1123,2031,404,2,1356.72,7,J. Alvarez
343,5/4/2025,1116,2009,401,1,119.36,8,R. Gomez
344,5/4/2025,1112,2053,404,3,0,4,J. Alvarez
345,5/4/2025,1052,2043,402,2,698.76,2,M. Chen
346,5/4/2025,1183,2040,403,3,103.62,3,K. Nguyen
347,5/4/2025,1033,2097,403,0,4210.5,1,R. Gomez
348,5/4/2025,1081,2030,404,0,339.94,8,S. Patel
349,5/4/2025,1068,2057,402,1,1179.85,3,R. Gomez
350,5/4/2025,1024,2006,403,3,594,7,S. Patel
351,5/4/2025,1157,2053,402,1,1098.27,5,S. Patel
352,5/4/2025,1083,2073,403,1,2247.44,5,R. Gomez
353,5/4/2025,1195,2020,404,3,1879.15,7,S. Patel
354,5/4/2025,1127,2039,404,0,1952.88,9,S. Patel
355,5/4/2025,1023,2050,404,1,0,5,M. Chen
356,5/4/2025,1055,2074,403,0,1978.5,1,J. Alvarez
357,5/4/2025,1012,2036,404,3,653.94,1,J. Alvarez
358,5/4/2025,1073,2068,401,0,2460.72,2,K. Nguyen
359,5/4/2025,1110,2017,403,2,370.96,6,K. Nguyen
360,5/4/2025,1195,2051,403,0,117.32,9,M. Chen
361,5/4/2025,1102,2006,402,2,792,8,K. Nguyen
362,5/4/2025,1141,2036,401,3,871.92,5,R. Gomez
363,5/4/2025,1129,2057,403,0,1747.92,1,A. Torres
364,5/4/2025,1032,2012,404,2,997.1,7,A. Torres
365,5/4/2025,1086,2071,403,1,553.64,5,A. Torres
366,5/4/2025,1050,2077,404,0,561.83,6,M. Chen
367,5/4/2025,1011,2004,402,2,0,7,M. Chen
368,5/4/2025,1121,2066,404,1,0,3,S. Patel
369,5/4/2025,1155,2065,402,2,1128.82,3,A. Torres
370,5/4/2025,1156,2040,402,3,138.16,5,R. Gomez
371,5/4/2025,1157,2094,403,2,1578.72,6,K. Nguyen
372,5/4/2025,1129,2065,404,2,752.54,9,R. Gomez
373,5/4/2025,1121,2002,403,2,2771.2,5,K. Nguyen
374,5/4/2025,1172,2014,404,2,197.04,1,A. Torres
375,5/4/2025,1185,2088,401,3,2128.05,4,A. Torres
376,5/4/2025,1067,2083,402,0,0,5,A. Torres
377,5/4/2025,1149,2061,402,3,1199.52,5,M. Chen
378,5/4/2025,1037,2087,402,0,318.64,7,K. Nguyen
379,5/4/2025,1146,2089,401,1,744.34,4,M. Chen
380,5/4/2025,1004,2056,403,3,2098.88,1,M. Chen
381,5/4/2025,1038,2052,402,3,2193.78,5,J. Alvarez
382,5/4/2025,1128,2099,404,0,3877.92,7,R. Gomez
383,5/4/2025,1180,2017,402,2,741.92,6,R. Gomez
384,5/4/2025,1169,2061,404,2,319.87,5,S. Patel
385,5/4/2025,1044,2058,403,2,1066.8,4,M. Chen
386,5/4/2025,1173,2098,403,3,3631.44,2,K. Nguyen
387,5/4/2025,1049,2031,403,2,1356.72,4,J. Alvarez
388,5/4/2025,1057,2038,403,1,2501.58,3,J. Alvarez
389,5/4/2025,1176,2090,404,2,343.87,1,R. Gomez
390,5/4/2025,1122,2044,403,2,166.06,8,M. Chen
391,5/4/2025,1031,2073,404,3,1498.29,5,S. Patel
392,5/4/2025,1088,2098,402,2,726.29,4,M. Chen
393,5/4/2025,1010,2036,401,2,348.77,8,A. Torres
394,5/4/2025,1113,2083,403,3,3072.64,7,M. Chen
395,5/4/2025,1054,2025,403,2,671.09,2,A. Torres
396,5/4/2025,1035,2013,402,1,1683.65,1,A. Torres
397,5/4/2025,1012,2085,402,1,217.94,4,S. Patel
398,5/4/2025,1013,2012,404,2,1994.21,8,K. Nguyen
399,5/4/2025,1183,2060,401,1,367.54,2,R. Gomez
400,5/4/2025,1001,2070,402,3,102.54,3,M. Chen
401,5/4/2025,1167,2060,404,1,735.08,1,A. Torres
402,5/4/2025,1193,2036,403,2,348.77,1,M. Chen
403,5/4/2025,1165,2007,401,1,0,3,K. Nguyen
404,5/4/2025,1136,2094,401,1,1776.06,5,R. Gomez
405,5/4/2025,1106,2022,401,3,671.18,3,K. Nguyen
406,5/4/2025,1126,2023,403,0,0,1,R. Gomez
407,5/4/2025,1002,2038,401,2,1482.42,1,J. Alvarez
408,5/4/2025,1072,2058,404,1,1200.15,8,R. Gomez
409,5/4/2025,1129,2059,403,1,1382.54,2,S. Patel
410,5/4/2025,1028,2042,402,3,502.83,3,K. Nguyen
411,5/4/2025,1165,2032,402,0,0,2,A. Torres
412,5/4/2025,1188,2043,403,1,1572.21,3,J. Alvarez
413,5/4/2025,1044,2078,404,3,426.03,7,S. Patel
414,5/4/2025,1131,2041,401,3,3216.84,1,M. Chen
415,5/4/2025,1171,2012,402,1,1121.74,8,K. Nguyen
416,5/4/2025,1122,2041,402,0,1608.42,2,A. Torres
417,5/4/2025,1066,2049,402,3,0,3,R. Gomez
418,5/4/2025,1192,2034,403,2,326.81,9,A. Torres
419,5/4/2025,1149,2092,401,2,1157.3,7,M. Chen
420,5/4/2025,1167,2046,402,0,133.72,4,J. Alvarez
421,5/4/2025,1170,2015,404,2,0,5,J. Alvarez
422,5/4/2025,1040,2051,403,0,469.28,2,K. Nguyen
423,5/4/2025,1163,2037,403,1,0,8,J. Alvarez
424,5/4/2025,1056,2017,404,1,834.66,4,K. Nguyen
425,5/4/2025,1116,2095,403,3,490.79,9,K. Nguyen
426,5/4/2025,1179,2070,404,1,61.52,5,K. Nguyen
427,5/4/2025,1195,2031,401,3,1695.9,9,R. Gomez
428,5/4/2025,1135,2090,403,0,0,4,S. Patel
429,5/4/2025,1144,2014,401,1,443.34,5,K. Nguyen
430,5/4/2025,1146,2068,402,1,2952.86,9,K. Nguyen
431,5/4/2025,1083,2066,404,0,516.06,8,S. Patel
432,5/4/2025,1174,2026,404,0,423.12,3,A. Torres
433,5/4/2025,1130,2057,401,3,1747.92,1,K. Nguyen
434,5/4/2025,1033,2065,404,3,0,3,R. Gomez
435,5/4/2025,1144,2007,404,2,933.42,4,J. Alvarez
436,5/4/2025,1185,2002,404,2,692.8,2,J. Alvarez
437,5/4/2025,1000,2095,402,0,0,1,M. Chen
438,5/4/2025,1011,2054,403,0,900.51,7,M. Chen
439,5/4/2025,1138,2007,401,3,2333.56,8,J. Alvarez
440,5/4/2025,1008,2036,404,1,196.18,7,J. Alvarez
441,5/4/2025,1196,2017,404,2,741.92,5,R. Gomez
442,5/4/2025,1097,2057,404,3,436.98,1,S. Patel
443,5/4/2025,1020,2087,402,2,637.28,7,M. Chen
444,5/4/2025,1030,2022,404,1,604.06,7,S. Patel
445,5/4/2025,1186,2028,401,0,2551.76,9,R. Gomez
446,5/4/2025,1076,2059,404,3,1536.15,3,J. Alvarez
447,5/4/2025,1058,2031,404,2,0,9,K. Nguyen
448,5/4/2025,1039,2035,402,0,899.99,1,S. Patel
449,5/4/2025,1008,2084,404,0,845.55,1,J. Alvarez
450,5/4/2025,1061,2026,401,0,423.12,4,J. Alvarez
451,5/4/2025,1152,2004,404,0,2781.75,9,A. Torres
452,5/4/2025,1062,2094,401,3,1973.4,6,S. Patel
453,5/4/2025,1112,2029,402,0,13.51,3,K. Nguyen
454,5/4/2025,1035,2064,403,1,0,1,S. Patel
455,5/4/2025,1187,2073,403,2,399.54,4,J. Alvarez
456,5/4/2025,1060,2038,402,1,3335.44,9,K. Nguyen
457,5/4/2025,1105,2038,403,0,1853.02,3,R. Gomez
458,5/4/2025,1142,2075,402,3,3903.2,9,A. Torres
459,5/4/2025,1142,2063,401,2,1325.9,7,J. Alvarez
460,5/4/2025,1164,2085,404,2,387.44,4,M. Chen
461,5/4/2025,1178,2053,404,1,1647.4,3,M. Chen
462,5/4/2025,1076,2048,402,3,1072.89,5,A. Torres
463,5/4/2025,1061,2028,403,1,1148.29,5,R. Gomez
464,5/4/2025,1118,2007,404,3,1750.17,3,J. Alvarez
465,5/4/2025,1142,2067,402,3,1163.8,9,S. Patel
466,5/4/2025,1062,2032,402,2,756.48,4,A. Torres
467,5/4/2025,1165,2010,404,2,124.54,5,R. Gomez
468,5/4/2025,1023,2068,402,0,2460.72,4,S. Patel
469,5/4/2025,1068,2048,401,0,715.26,5,M. Chen
470,5/4/2025,1048,2097,402,3,0,7,M. Chen
471,5/4/2025,1053,2042,403,0,167.61,9,S. Patel
472,5/4/2025,1054,2024,401,3,372.81,7,A. Torres
473,5/4/2025,1062,2089,402,3,1240.56,5,M. Chen
474,5/4/2025,1061,2070,403,2,27.34,7,J. Alvarez
475,5/4/2025,1097,2059,403,2,0,5,K. Nguyen
476,5/4/2025,1066,2046,404,3,200.58,3,S. Patel
477,5/4/2025,1025,2092,404,2,771.54,7,S. Patel
478,5/4/2025,1052,2047,403,3,334.98,2,M. Chen
479,5/4/2025,1011,2072,402,1,756.54,9,A. Torres
480,5/4/2025,1004,2033,404,2,0,1,J. Alvarez
481,5/4/2025,1039,2025,403,1,503.32,6,A. Torres
482,5/4/2025,1097,2072,402,3,420.3,7,R. Gomez
483,5/4/2025,1140,2083,403,2,1843.58,8,R. Gomez
484,5/4/2025,1195,2062,404,3,3096.8,9,K. Nguyen
485,5/4/2025,1043,2093,403,1,1360.69,2,M. Chen
486,5/4/2025,1035,2092,404,1,0,2,M. Chen
487,5/4/2025,1138,2082,401,0,533.2,5,M. Chen
488,5/4/2025,1019,2085,401,0,484.3,5,K. Nguyen
489,5/4/2025,1105,2017,402,0,1391.1,6,R. Gomez
490,5/4/2025,1181,2019,401,1,4202.68,3,A. Torres
491,5/4/2025,1129,2058,403,0,1333.5,8,K. Nguyen
492,5/4/2025,1158,2081,404,3,2984.88,1,K. Nguyen
493,5/4/2025,1004,2000,404,0,2907.93,6,A. Torres
494,5/4/2025,1004,2067,403,2,465.52,4,M. Chen
495,5/4/2025,1004,2064,404,1,1323.18,1,J. Alvarez
496,5/4/2025,1027,2012,402,1,1121.74,7,A. Torres
497,5/4/2025,1049,2079,403,2,3802.16,9,R. Gomez
498,5/4/2025,1068,2050,401,2,0,4,S. Patel
499,5/4/2025,1103,2058,402,1,600.08,4,S. Patel
500,5/4/2025,1076,2087,401,0,159.32,6,K. Nguyen
501,5/4/2025,1023,2051,404,3,351.96,3,S. Patel
502,5/4/2025,1141,2060,401,0,408.38,6,J. Alvarez
503,5/4/2025,1179,2021,401,3,835.41,7,M. Chen
504,5/4/2025,1111,2082,403,0,0,3,R. Gomez
505,5/4/2025,1135,2005,402,1,1157.71,7,J. Alvarez
506,5/4/2025,1177,2072,404,2,1008.72,3,R. Gomez
507,5/4/2025,1011,2009,403,0,0,2,R. Gomez
508,5/4/2025,1045,2040,401,1,31.09,4,M. Chen
509,5/4/2025,1150,2018,404,0,1084.52,8,K. Nguyen
510,5/4/2025,1076,2020,402,3,2254.98,9,S. Patel
511,5/4/2025,1173,2069,403,3,232.39,7,M. Chen
512,5/4/2025,1193,2094,402,0,1480.05,1,J. Alvarez
513,5/4/2025,1128,2095,403,0,0,3,K. Nguyen
514,5/4/2025,1025,2055,402,0,107.88,9,J. Alvarez
515,5/4/2025,1087,2077,404,2,449.46,1,K. Nguyen
516,5/4/2025,1007,2081,403,3,746.22,9,J. Alvarez
517,5/4/2025,1125,2029,403,3,40.53,8,M. Chen
518,5/4/2025,1110,2023,404,0,1879.08,1,K. Nguyen
519,5/4/2025,1197,2079,403,1,855.49,6,K. Nguyen
520,5/4/2025,1182,2009,401,2,53.05,5,R. Gomez
521,5/4/2025,1039,2048,402,3,357.63,6,R. Gomez
522,5/4/2025,1081,2046,401,0,33.43,5,A. Torres
523,5/4/2025,1001,2039,404,2,2343.46,6,J. Alvarez
524,5/4/2025,1194,2034,401,1,245.11,5,R. Gomez
525,5/4/2025,1022,2023,404,3,5637.24,5,A. Torres
526,5/4/2025,1142,2071,404,0,615.16,4,R. Gomez
527,5/4/2025,1006,2011,403,0,1229.22,3,J. Alvarez
528,5/4/2025,1152,2076,403,3,2418.21,3,K. Nguyen
529,5/4/2025,1003,2037,404,3,1440.56,4,S. Patel
530,5/4/2025,1199,2010,402,1,210.17,9,J. Alvarez
531,5/4/2025,1175,2048,402,1,965.6,2,M. Chen
532,5/4/2025,1068,2038,403,3,0,9,R. Gomez
533,5/4/2025,1037,2008,402,3,266.36,1,R. Gomez
534,5/4/2025,1070,2053,403,3,1830.45,1,K. Nguyen
535,5/4/2025,1005,2009,403,2,53.05,5,M. Chen
536,5/4/2025,1063,2092,404,1,867.98,6,K. Nguyen
537,5/4/2025,1117,2013,402,2,2244.86,6,M. Chen
538,5/4/2025,1001,2050,403,3,0,3,S. Patel
539,5/4/2025,1084,2056,403,3,1574.16,7,R. Gomez
540,5/4/2025,1166,2076,402,2,0,9,R. Gomez
541,5/4/2025,1082,2077,402,3,0,8,S. Patel
542,5/4/2025,1080,2022,404,2,1073.89,6,A. Torres
543,5/4/2025,1074,2094,404,1,444.02,8,K. Nguyen
544,5/4/2025,1083,2048,403,3,0,5,S. Patel
545,5/4/2025,1093,2014,402,1,221.67,8,K. Nguyen
546,5/4/2025,1174,2098,401,3,2723.58,4,J. Alvarez
547,5/4/2025,1181,2026,404,2,507.74,8,R. Gomez
548,5/4/2025,1177,2008,404,3,332.95,2,K. Nguyen
549,5/4/2025,1035,2081,403,1,1343.2,5,M. Chen
550,5/4/2025,1064,2084,402,3,845.55,9,K. Nguyen
551,5/4/2025,1096,2009,404,3,198.93,4,J. Alvarez
552,5/4/2025,1149,2051,404,0,0,6,R. Gomez
553,5/4/2025,1092,2089,401,0,827.04,1,S. Patel
554,5/4/2025,1196,2031,403,1,1526.31,9,J. Alvarez
555,5/4/2025,1165,2078,401,3,142.01,1,R. Gomez
556,5/4/2025,1192,2042,404,0,1005.66,5,K. Nguyen
557,5/4/2025,1002,2012,403,1,560.87,4,A. Torres
558,5/4/2025,1130,2095,402,3,1963.16,3,A. Torres
559,5/4/2025,1095,2050,404,1,168.1,6,M. Chen
560,5/4/2025,1088,2003,404,0,385.18,2,R. Gomez
561,5/4/2025,1075,2053,401,0,1830.45,3,A. Torres
562,5/4/2025,1186,2018,403,2,1301.42,5,S. Patel
563,5/4/2025,1087,2058,402,3,2667,9,R. Gomez
564,5/4/2025,1089,2060,401,3,408.38,2,S. Patel
565,5/4/2025,1184,2089,404,2,1984.9,8,S. Patel
566,5/4/2025,1017,2038,401,0,0,2,A. Torres
567,5/4/2025,1005,2043,401,1,786.1,5,R. Gomez
568,5/4/2025,1189,2031,402,1,2035.08,7,K. Nguyen
569,5/4/2025,1084,2071,404,3,0,8,J. Alvarez
570,5/4/2025,1059,2051,402,1,527.94,1,A. Torres
571,5/4/2025,1163,2084,404,3,845.55,6,A. Torres
572,5/4/2025,1007,2094,402,3,493.35,1,K. Nguyen
573,5/4/2025,1151,2054,404,0,0,2,R. Gomez
574,5/4/2025,1180,2027,402,2,0,1,R. Gomez
575,5/4/2025,1192,2090,401,0,286.56,5,S. Patel
576,5/4/2025,1137,2023,403,2,1503.26,9,K. Nguyen
577,5/4/2025,1050,2058,401,2,1066.8,6,K. Nguyen
578,5/4/2025,1171,2062,403,3,619.36,1,R. Gomez
579,5/4/2025,1156,2050,401,2,0,1,S. Patel
580,5/4/2025,1090,2058,402,2,1066.8,2,A. Torres
581,5/4/2025,1157,2075,401,1,702.58,9,M. Chen
582,5/4/2025,1080,2015,402,2,1619.93,3,J. Alvarez
583,5/4/2025,1029,2023,403,1,0,1,A. Torres
584,5/4/2025,1130,2049,404,1,845.86,5,R. Gomez
585,5/4/2025,1147,2049,404,1,845.86,7,J. Alvarez
586,5/4/2025,1124,2081,402,1,2686.39,6,M. Chen
587,5/4/2025,1125,2036,402,1,588.55,1,M. Chen
588,5/4/2025,1080,2057,401,2,699.17,5,S. Patel
589,5/4/2025,1002,2062,402,1,1114.85,5,J. Alvarez
590,5/4/2025,1098,2071,404,3,1845.48,6,S. Patel
591,5/4/2025,1175,2062,404,3,1858.08,3,A. Torres
592,5/4/2025,1125,2021,401,0,1670.82,5,K. Nguyen
593,5/4/2025,1194,2028,403,0,637.94,7,K. Nguyen
594,5/4/2025,1070,2028,403,1,0,5,K. Nguyen
595,5/4/2025,1199,2058,404,0,2667,5,J. Alvarez
596,5/4/2025,1146,2014,403,2,0,5,K. Nguyen
597,5/4/2025,1138,2096,401,3,2688.72,3,A. Torres
598,5/4/2025,1139,2027,404,0,258.61,1,S. Patel
599,5/4/2025,1188,2083,402,2,1229.06,5,J. Alvarez
600,5/4/2025,1008,2057,403,2,699.17,9,S. Patel
601,5/4/2025,1022,2056,401,1,2361.24,1,J. Alvarez
602,5/4/2025,1053,2094,403,3,493.35,3,S. Patel
603,5/4/2025,1042,2078,402,1,127.81,4,M. Chen
604,5/4/2025,1052,2007,403,2,2333.56,1,S. Patel
605,5/4/2025,1152,2068,402,2,656.19,1,K. Nguyen
606,5/4/2025,1180,2037,403,2,288.11,8,M. Chen
607,5/4/2025,1131,2086,401,1,2414.07,2,S. Patel
608,5/4/2025,1192,2052,401,2,0,8,J. Alvarez
609,5/4/2025,1167,2016,402,1,290.72,7,J. Alvarez
610,5/4/2025,1037,2091,403,1,0,2,J. Alvarez
611,5/4/2025,1194,2086,404,3,0,6,R. Gomez
612,5/4/2025,1036,2073,403,3,1997.72,6,A. Torres
613,5/4/2025,1096,2057,401,0,1310.94,3,J. Alvarez
614,5/4/2025,1103,2065,403,2,376.27,2,M. Chen
615,5/4/2025,1116,2062,403,0,1238.72,1,J. Alvarez
616,5/4/2025,1198,2093,401,3,0,6,R. Gomez
617,5/4/2025,1162,2085,403,0,0,5,K. Nguyen
618,5/4/2025,1136,2050,402,3,933.9,9,M. Chen
619,5/4/2025,1054,2063,403,2,441.97,1,R. Gomez
620,5/4/2025,1072,2043,402,3,4367.25,7,K. Nguyen
621,5/4/2025,1087,2087,401,0,637.28,5,M. Chen
622,5/4/2025,1025,2080,404,0,3329.04,5,S. Patel
623,5/4/2025,1031,2020,404,3,1127.49,2,A. Torres
624,5/4/2025,1000,2054,402,1,1620.92,3,A. Torres
625,5/4/2025,1166,2038,402,2,2223.62,7,R. Gomez
626,5/4/2025,1023,2083,403,2,1229.06,6,K. Nguyen
627,5/4/2025,1021,2047,402,0,1674.9,2,A. Torres
628,5/4/2025,1101,2080,403,1,3745.17,6,K. Nguyen
629,5/4/2025,1109,2083,401,0,768.16,2,K. Nguyen
630,5/4/2025,1000,2027,404,0,517.22,2,R. Gomez
631,5/4/2025,1033,2075,402,3,780.64,2,R. Gomez
632,5/4/2025,1002,2001,403,0,824.7,3,R. Gomez
633,5/4/2025,1108,2088,402,3,3546.75,2,A. Torres
634,5/4/2025,1018,2029,404,0,27.02,4,R. Gomez
635,5/4/2025,1187,2013,401,2,2993.15,9,A. Torres
636,5/4/2025,1094,2038,402,3,926.51,6,R. Gomez
637,5/4/2025,1198,2096,402,1,1814.89,1,J. Alvarez
638,5/4/2025,1017,2067,401,1,523.71,8,K. Nguyen
639,5/4/2025,1112,2044,402,1,560.47,7,R. Gomez
640,5/4/2025,1105,2078,404,1,383.43,3,M. Chen
641,5/4/2025,1022,2012,402,0,623.19,1,K. Nguyen
642,5/4/2025,1150,2093,404,2,1814.26,5,K. Nguyen
643,5/4/2025,1109,2040,402,1,31.09,4,R. Gomez
644,5/4/2025,1070,2082,401,1,719.82,8,S. Patel
645,5/4/2025,1141,2076,403,0,3224.28,1,R. Gomez
646,5/4/2025,1168,2038,402,1,1667.72,1,K. Nguyen
647,5/4/2025,1191,2050,403,0,560.34,4,M. Chen
648,5/4/2025,1005,2030,404,3,679.88,8,K. Nguyen
649,5/4/2025,1028,2030,404,0,509.91,5,M. Chen
650,5/4/2025,1135,2001,403,2,989.64,2,A. Torres
651,5/4/2025,1033,2049,404,2,751.87,6,J. Alvarez
652,5/4/2025,1139,2087,402,3,0,5,K. Nguyen
653,5/4/2025,1197,2009,401,0,265.24,2,R. Gomez
654,5/4/2025,1003,2033,402,0,836.25,3,A. Torres
655,5/4/2025,1015,2050,403,3,560.34,9,J. Alvarez
656,5/4/2025,1108,2089,404,0,413.52,7,R. Gomez
657,5/4/2025,1163,2068,402,2,3280.96,7,S. Patel
658,5/4/2025,1021,2039,401,1,878.8,6,R. Gomez
659,5/4/2025,1039,2068,403,3,2460.72,8,M. Chen
660,5/4/2025,1150,2081,401,2,1193.95,4,M. Chen
661,5/4/2025,1178,2055,402,0,53.94,8,S. Patel
662,5/4/2025,1062,2011,404,0,0,4,A. Torres
663,5/4/2025,1116,2078,401,2,0,8,J. Alvarez
664,5/4/2025,1170,2094,402,0,986.7,9,R. Gomez
665,5/4/2025,1003,2090,402,0,143.28,3,M. Chen
666,5/4/2025,1041,2063,403,2,1325.9,3,A. Torres
667,5/4/2025,1042,2047,402,2,803.95,2,S. Patel
668,5/4/2025,1187,2015,401,2,0,3,K. Nguyen
669,5/4/2025,1109,2034,401,2,326.81,3,M. Chen
670,5/4/2025,1182,2073,401,3,499.43,5,S. Patel
671,5/4/2025,1116,2065,403,0,470.34,5,R. Gomez
672,5/4/2025,1127,2072,402,2,1008.72,2,J. Alvarez
673,5/4/2025,1040,2032,401,0,0,6,M. Chen
674,5/4/2025,1058,2094,401,0,493.35,5,M. Chen
675,5/4/2025,1003,2031,401,3,1695.9,6,R. Gomez
676,5/4/2025,1093,2049,402,1,1691.71,1,K. Nguyen
677,5/4/2025,1009,2070,404,1,30.76,5,A. Torres
678,5/4/2025,1082,2031,404,2,452.24,9,J. Alvarez
679,5/4/2025,1069,2009,403,0,0,2,M. Chen
680,5/4/2025,1128,2086,401,1,804.69,1,J. Alvarez
681,5/4/2025,1057,2066,401,3,1548.18,9,M. Chen
682,5/4/2025,1017,2059,403,2,409.64,9,J. Alvarez
683,5/4/2025,1083,2011,404,0,1638.96,9,S. Patel
684,5/4/2025,1094,2025,403,2,223.7,6,M. Chen
685,5/4/2025,1189,2079,402,3,3802.16,8,J. Alvarez
686,5/4/2025,1094,2075,404,1,702.58,1,A. Torres
687,5/4/2025,1187,2069,402,1,627.45,4,S. Patel
688,5/4/2025,1001,2052,401,1,0,1,S. Patel
689,5/4/2025,1138,2044,401,2,166.06,8,A. Torres
690,5/4/2025,1000,2097,404,2,1347.36,1,J. Alvarez
691,5/4/2025,1026,2026,402,3,211.56,3,R. Gomez
692,5/4/2025,1125,2007,402,2,933.42,4,A. Torres
693,5/4/2025,1023,2005,402,3,1286.34,8,J. Alvarez
694,5/4/2025,1179,2047,404,0,669.96,6,A. Torres
695,5/4/2025,1148,2012,402,3,3115.95,7,A. Torres
696,5/4/2025,1019,2075,401,3,2341.92,8,M. Chen
697,5/4/2025,1169,2016,402,2,775.25,2,J. Alvarez
698,5/4/2025,1066,2040,404,2,55.26,8,R. Gomez
699,5/4/2025,1081,2057,403,1,393.28,3,M. Chen
700,5/4/2025,1019,2025,402,0,559.24,7,A. Torres
701,5/4/2025,1039,2013,402,3,4676.8,3,K. Nguyen
702,5/4/2025,1119,2040,404,0,69.08,7,A. Torres
703,5/4/2025,1137,2045,402,3,0,2,A. Torres
704,5/4/2025,1078,2059,403,0,1536.15,6,J. Alvarez
705,5/4/2025,1023,2020,403,0,0,3,J. Alvarez
706,5/4/2025,1055,2041,402,0,4021.05,3,M. Chen
707,5/4/2025,1182,2031,403,3,1695.9,9,R. Gomez
708,5/4/2025,1131,2006,403,2,475.2,7,M. Chen
709,5/4/2025,1044,2003,404,3,1155.54,5,S. Patel
710,5/4/2025,1142,2095,402,0,2453.95,7,A. Torres
711,5/4/2025,1118,2013,402,0,1870.72,9,K. Nguyen
712,5/4/2025,1003,2007,402,1,1050.1,1,A. Torres
713,5/4/2025,1050,2051,403,0,117.32,7,A. Torres
714,5/4/2025,1149,2075,403,0,780.64,6,M. Chen
715,5/4/2025,1005,2008,402,3,466.13,9,K. Nguyen
716,5/4/2025,1032,2011,403,0,409.74,1,K. Nguyen
717,5/4/2025,1010,2059,401,1,921.69,4,K. Nguyen
718,5/4/2025,1146,2055,404,3,0,9,M. Chen
719,5/4/2025,1007,2048,404,1,1287.47,4,A. Torres
720,5/4/2025,1090,2027,402,2,413.78,3,M. Chen
721,5/4/2025,1071,2057,402,0,1310.94,9,J. Alvarez
722,5/4/2025,1157,2079,402,2,2281.3,2,J. Alvarez
723,5/4/2025,1127,2052,404,0,2193.78,4,M. Chen
724,5/4/2025,1022,2035,404,1,1619.98,6,K. Nguyen
725,5/4/2025,1107,2025,402,0,279.62,2,A. Torres
726,5/4/2025,1097,2091,403,3,2717.37,8,M. Chen
727,5/4/2025,1139,2062,403,2,1486.46,8,M. Chen
728,5/4/2025,1099,2034,402,0,408.51,1,M. Chen
729,5/4/2025,1081,2076,402,0,2418.21,3,S. Patel
730,5/4/2025,1199,2035,401,3,2699.97,9,J. Alvarez
731,5/4/2025,1135,2045,402,1,842.78,5,K. Nguyen
732,5/4/2025,1025,2031,402,2,904.48,6,R. Gomez
733,5/4/2025,1136,2094,401,1,0,4,K. Nguyen
734,5/4/2025,1147,2049,403,1,3383.42,2,R. Gomez
735,5/4/2025,1045,2030,403,2,407.93,8,S. Patel
736,5/4/2025,1151,2003,403,1,693.32,6,M. Chen
737,5/4/2025,1144,2024,404,2,298.25,5,S. Patel
738,5/4/2025,1044,2062,401,0,1238.72,9,S. Patel
739,5/4/2025,1014,2029,402,0,13.51,1,A. Torres
740,5/4/2025,1134,2061,401,2,639.74,5,J. Alvarez
741,5/4/2025,1157,2025,402,2,671.09,6,R. Gomez
742,5/4/2025,1183,2022,403,0,2684.72,5,M. Chen
743,5/4/2025,1005,2018,402,0,542.26,6,R. Gomez
744,5/4/2025,1134,2046,401,2,53.49,6,K. Nguyen
745,5/4/2025,1180,2084,404,0,281.85,7,R. Gomez
746,5/4/2025,1086,2038,403,1,1667.72,4,K. Nguyen
747,5/4/2025,1040,2093,404,3,755.94,8,J. Alvarez
748,5/4/2025,1166,2040,402,2,27.63,7,K. Nguyen
749,5/4/2025,1057,2085,402,3,1452.9,9,R. Gomez
750,5/4/2025,1078,2093,403,1,0,7,R. Gomez
751,5/4/2025,1045,2093,401,3,2267.82,3,K. Nguyen
752,5/4/2025,1197,2072,401,1,1513.08,3,S. Patel
753,5/4/2025,1154,2040,402,0,69.08,8,J. Alvarez
754,5/4/2025,1127,2018,403,0,0,5,A. Torres
755,5/4/2025,1060,2044,403,1,934.11,4,M. Chen
756,5/4/2025,1162,2011,403,3,1229.22,8,R. Gomez
757,5/4/2025,1002,2033,402,1,3010.5,6,M. Chen
758,5/4/2025,1177,2008,403,2,159.82,2,A. Torres
759,5/4/2025,1027,2092,401,0,482.21,4,M. Chen
760,5/4/2025,1098,2056,404,1,944.5,4,A. Torres
761,5/4/2025,1105,2063,404,2,2209.84,6,K. Nguyen
762,5/4/2025,1139,2048,401,3,357.63,6,S. Patel
763,5/4/2025,1147,2083,402,1,691.34,1,R. Gomez
764,5/4/2025,1115,2009,401,2,53.05,8,A. Torres
765,5/4/2025,1005,2040,403,0,103.62,6,M. Chen
766,5/4/2025,1018,2043,402,3,2620.35,3,R. Gomez
767,5/4/2025,1041,2093,401,0,755.94,9,S. Patel
768,5/4/2025,1086,2076,404,0,0,2,K. Nguyen
769,5/4/2025,1110,2083,402,3,768.16,8,R. Gomez
770,5/4/2025,1040,2006,401,2,0,3,A. Torres
771,5/4/2025,1052,2024,404,2,298.25,5,S. Patel
772,5/4/2025,1169,2036,403,1,392.36,6,M. Chen
773,5/4/2025,1024,2006,404,3,0,6,S. Patel
774,5/4/2025,1039,2006,403,0,198,4,S. Patel
775,5/4/2025,1109,2011,403,3,1638.96,3,J. Alvarez
776,5/4/2025,1051,2012,401,1,1121.74,4,S. Patel
777,5/4/2025,1043,2081,403,0,746.22,1,S. Patel
778,5/4/2025,1121,2014,403,3,985.2,4,R. Gomez
779,5/4/2025,1120,2062,403,0,2477.44,1,M. Chen
780,5/4/2025,1164,2069,404,1,0,1,R. Gomez
781,5/4/2025,1094,2048,403,1,321.87,6,R. Gomez
782,5/4/2025,1114,2005,403,3,428.78,5,A. Torres
783,5/4/2025,1119,2033,402,2,1338,4,R. Gomez
784,5/4/2025,1144,2007,402,0,1166.78,3,J. Alvarez
785,5/4/2025,1021,2085,403,3,0,1,J. Alvarez
786,5/4/2025,1193,2075,402,0,1561.28,6,A. Torres
787,5/4/2025,1099,2066,404,3,0,2,K. Nguyen
788,5/4/2025,1146,2030,404,2,543.9,8,M. Chen
789,5/4/2025,1020,2050,401,1,168.1,5,M. Chen
790,5/4/2025,1030,2096,404,1,3024.81,7,R. Gomez
791,5/4/2025,1042,2027,402,1,232.75,2,R. Gomez
792,5/4/2025,1010,2054,401,3,900.51,8,K. Nguyen
793,5/4/2025,1051,2080,402,2,0,2,R. Gomez
794,5/4/2025,1081,2093,401,0,755.94,4,M. Chen
795,5/4/2025,1099,2071,404,2,984.26,1,S. Patel
796,5/4/2025,1070,2066,404,0,0,5,J. Alvarez
797,5/4/2025,1179,2079,404,0,2851.62,9,S. Patel
798,5/4/2025,1106,2019,402,0,3735.72,1,S. Patel
799,5/4/2025,1027,2072,401,2,672.48,9,M. Chen
800,5/4/2025,1137,2044,404,2,830.32,8,S. Patel
801,5/4/2025,1098,2083,404,3,2304.48,6,K. Nguyen
802,5/4/2025,1009,2022,403,3,2684.72,7,A. Torres
803,5/4/2025,1036,2079,404,0,950.54,3,R. Gomez
804,5/4/2025,1101,2042,402,0,335.22,1,A. Torres
805,5/4/2025,1190,2060,403,2,0,5,J. Alvarez
806,5/4/2025,1005,2043,403,2,2096.28,2,R. Gomez
807,5/4/2025,1071,2062,401,1,557.42,5,S. Patel
808,5/4/2025,1034,2038,404,2,2223.62,8,J. Alvarez
809,5/4/2025,1068,2093,404,0,2267.82,9,R. Gomez
810,5/4/2025,1048,2056,402,3,524.72,2,K. Nguyen
811,5/4/2025,1189,2062,403,0,1858.08,3,K. Nguyen
812,5/4/2025,1131,2020,401,2,0,3,K. Nguyen
813,5/4/2025,1181,2064,404,1,264.64,1,K. Nguyen
814,5/4/2025,1199,2067,401,1,0,8,S. Patel
815,5/4/2025,1049,2025,401,1,503.32,6,A. Torres
816,5/4/2025,1008,2058,401,2,533.4,8,R. Gomez
817,5/4/2025,1180,2025,403,2,894.78,9,S. Patel
818,5/4/2025,1118,2064,404,0,882.12,5,K. Nguyen
819,5/4/2025,1174,2003,402,2,308.14,3,A. Torres
820,5/4/2025,1125,2076,404,1,725.46,5,J. Alvarez
821,5/4/2025,1121,2075,403,2,2498.05,5,J. Alvarez
822,5/4/2025,1041,2033,401,2,669,5,J. Alvarez
823,5/4/2025,1007,2049,401,1,845.86,3,K. Nguyen
824,5/4/2025,1146,2099,402,1,581.69,4,J. Alvarez
825,5/4/2025,1165,2028,402,2,1531.06,9,M. Chen
826,5/4/2025,1166,2052,401,0,731.26,9,R. Gomez
827,5/4/2025,1121,2016,402,0,646.04,2,R. Gomez
828,5/4/2025,1057,2032,403,2,3782.4,8,K. Nguyen
829,5/4/2025,1108,2048,403,3,357.63,8,M. Chen
830,5/4/2025,1064,2027,404,2,413.78,7,S. Patel
831,5/4/2025,1173,2066,404,0,2580.3,8,S. Patel
832,5/4/2025,1001,2065,403,2,376.27,3,J. Alvarez
833,5/4/2025,1076,2087,401,3,796.6,6,A. Torres
834,5/4/2025,1016,2043,403,2,2795.04,1,S. Patel
835,5/4/2025,1070,2033,403,1,752.62,7,A. Torres
836,5/4/2025,1038,2066,402,0,1032.12,1,R. Gomez
837,5/4/2025,1153,2051,403,1,316.76,9,A. Torres
838,5/4/2025,1184,2003,404,2,1848.86,1,R. Gomez
839,5/4/2025,1066,2053,404,3,0,1,M. Chen
840,5/4/2025,1188,2004,402,2,2967.2,7,M. Chen
841,5/4/2025,1185,2091,402,3,3623.16,2,K. Nguyen
842,5/4/2025,1171,2045,403,1,280.93,5,K. Nguyen
843,5/4/2025,1168,2071,402,2,1968.51,8,J. Alvarez
844,5/4/2025,1024,2060,402,2,326.7,8,S. Patel
845,5/4/2025,1185,2071,402,2,984.26,3,J. Alvarez
846,5/4/2025,1167,2011,402,2,327.79,7,R. Gomez
847,5/4/2025,1057,2095,403,3,2453.95,3,J. Alvarez
848,5/4/2025,1084,2047,403,2,803.95,6,A. Torres
849,5/4/2025,1118,2015,404,0,4049.82,6,R. Gomez
850,5/4/2025,1162,2074,401,3,659.5,3,K. Nguyen
851,5/4/2025,1049,2064,401,3,882.12,7,M. Chen
852,5/4/2025,1135,2038,404,0,926.51,3,K. Nguyen
853,5/4/2025,1038,2017,402,2,741.92,8,S. Patel
854,5/4/2025,1104,2072,404,1,1134.81,4,R. Gomez
855,5/4/2025,1080,2091,402,0,2717.37,1,R. Gomez
856,5/4/2025,1124,2042,402,2,0,4,A. Torres
857,5/4/2025,1162,2007,401,3,583.39,7,S. Patel
858,5/4/2025,1070,2026,402,1,190.4,4,M. Chen
859,5/4/2025,1125,2097,401,1,3031.56,6,R. Gomez
860,5/4/2025,1157,2055,404,3,53.94,9,R. Gomez
861,5/4/2025,1109,2061,404,0,799.68,1,A. Torres
862,5/4/2025,1009,2068,402,2,0,5,J. Alvarez
863,5/4/2025,1003,2041,402,0,2412.63,7,M. Chen
864,5/4/2025,1173,2000,402,1,872.38,1,K. Nguyen
865,5/4/2025,1177,2044,403,1,373.64,4,S. Patel
866,5/4/2025,1026,2049,403,1,3383.42,6,R. Gomez
867,5/4/2025,1016,2005,403,2,686.05,2,R. Gomez
868,5/4/2025,1116,2093,403,3,755.94,5,K. Nguyen
869,5/4/2025,1175,2017,403,3,463.7,1,M. Chen
870,5/4/2025,1091,2096,402,1,1209.92,6,J. Alvarez
871,5/4/2025,1103,2002,402,1,779.4,6,R. Gomez
872,5/4/2025,1186,2016,402,0,646.04,4,M. Chen
873,5/4/2025,1150,2064,402,0,294.04,8,K. Nguyen
874,5/4/2025,1093,2091,401,3,2717.37,4,A. Torres
875,5/4/2025,1163,2032,401,0,0,8,J. Alvarez
876,5/4/2025,1169,2013,401,0,935.36,8,S. Patel
877,5/4/2025,1176,2014,404,3,1231.5,5,R. Gomez
878,5/4/2025,1097,2015,403,3,2699.88,4,M. Chen
879,5/4/2025,1179,2019,402,0,1867.86,2,A. Torres
880,5/4/2025,1077,2053,401,2,976.24,3,S. Patel
881,5/4/2025,1159,2077,402,3,561.83,3,M. Chen
882,5/4/2025,1026,2065,401,2,1881.36,4,M. Chen
883,5/4/2025,1029,2013,404,1,0,4,S. Patel
884,5/4/2025,1155,2025,403,1,503.32,5,A. Torres
885,5/4/2025,1091,2090,404,2,171.94,4,K. Nguyen
886,5/4/2025,1041,2005,404,1,385.9,8,A. Torres
887,5/4/2025,1176,2061,403,1,359.86,6,J. Alvarez
888,5/4/2025,1000,2001,401,0,1649.4,6,R. Gomez
889,5/4/2025,1146,2085,404,1,653.81,8,S. Patel
890,5/4/2025,1023,2099,401,0,1292.64,7,K. Nguyen
891,5/4/2025,1065,2082,402,3,266.6,8,S. Patel
892,5/4/2025,1075,2033,404,0,2508.75,2,S. Patel
893,5/4/2025,1025,2022,401,2,1073.89,9,A. Torres
894,5/4/2025,1092,2086,403,3,894.1,1,R. Gomez
895,5/4/2025,1189,2014,401,0,0,8,J. Alvarez
896,5/4/2025,1002,2017,402,2,0,4,M. Chen
897,5/4/2025,1091,2056,403,0,1049.44,4,M. Chen
898,5/4/2025,1095,2043,402,0,0,5,S. Patel
899,5/4/2025,1102,2051,404,2,93.86,8,R. Gomez
900,5/4/2025,1098,2088,404,3,0,5,K. Nguyen
901,5/4/2025,1166,2021,401,1,0,8,A. Torres
902,5/4/2025,1178,2092,401,1,867.98,1,R. Gomez
903,5/4/2025,1026,2053,404,3,1830.45,9,R. Gomez
904,5/4/2025,1046,2078,404,2,454.43,6,A. Torres
905,5/4/2025,1156,2003,402,3,1925.9,3,S. Patel
906,5/4/2025,1124,2014,404,3,0,8,R. Gomez
907,5/4/2025,1011,2008,403,2,106.54,9,M. Chen
908,5/4/2025,1003,2090,402,2,57.31,6,A. Torres
909,5/4/2025,1132,2066,401,3,1548.18,7,K. Nguyen
910,5/4/2025,1169,2093,402,3,755.94,1,J. Alvarez
911,5/4/2025,1088,2084,404,1,0,5,S. Patel
912,5/4/2025,1142,2078,401,0,568.04,5,A. Torres
913,5/4/2025,1164,2020,404,3,1879.15,4,J. Alvarez
914,5/4/2025,1042,2009,404,2,53.05,6,J. Alvarez
915,5/4/2025,1061,2042,403,0,167.61,7,K. Nguyen
916,5/4/2025,1129,2028,404,3,2551.76,9,R. Gomez
917,5/4/2025,1060,2010,404,3,544.88,1,K. Nguyen
918,5/4/2025,1146,2057,401,3,436.98,6,R. Gomez
919,5/4/2025,1114,2040,401,3,34.54,7,R. Gomez
920,5/4/2025,1190,2083,401,0,2304.48,3,A. Torres
921,5/4/2025,1103,2052,401,0,2193.78,8,A. Torres
922,5/4/2025,1023,2077,403,1,505.65,5,S. Patel
923,5/4/2025,1167,2085,404,2,387.44,9,R. Gomez
924,5/4/2025,1093,2006,402,3,594,5,J. Alvarez
925,5/4/2025,1084,2071,404,2,492.13,9,M. Chen
926,5/4/2025,1183,2057,401,0,873.96,4,S. Patel
927,5/4/2025,1194,2084,402,0,563.7,9,A. Torres
928,5/4/2025,1087,2045,403,2,499.42,5,K. Nguyen
929,5/4/2025,1179,2013,401,1,1683.65,9,S. Patel
930,5/4/2025,1126,2017,404,0,927.4,3,S. Patel
931,5/4/2025,1065,2078,402,1,127.81,4,S. Patel
932,5/4/2025,1030,2050,402,3,186.78,9,S. Patel
933,5/4/2025,1005,2024,403,0,621.35,6,M. Chen
934,5/4/2025,1193,2053,401,0,1830.45,2,K. Nguyen
935,5/4/2025,1197,2057,404,1,1179.85,7,K. Nguyen
936,5/4/2025,1127,2000,401,3,969.31,2,K. Nguyen
937,5/4/2025,1149,2061,402,1,359.86,2,R. Gomez
938,5/4/2025,1187,2016,401,3,2584.16,1,J. Alvarez
939,5/4/2025,1168,2076,403,3,2418.21,3,K. Nguyen
940,5/4/2025,1107,2077,402,2,898.93,6,S. Patel
941,5/4/2025,1101,2043,403,3,3493.8,8,S. Patel
942,5/4/2025,1034,2017,404,2,0,9,K. Nguyen
943,5/4/2025,1179,2070,403,1,61.52,7,K. Nguyen
944,5/4/2025,1051,2026,403,2,338.5,4,S. Patel
945,5/4/2025,1172,2016,402,2,516.83,6,R. Gomez
946,5/4/2025,1181,2014,403,3,246.3,5,A. Torres
947,5/4/2025,1149,2073,404,2,799.09,8,A. Torres
948,5/4/2025,1108,2001,401,0,412.35,1,K. Nguyen
949,5/4/2025,1097,2018,401,0,1084.52,1,M. Chen
950,5/4/2025,1051,2034,402,2,217.87,6,K. Nguyen
951,5/4/2025,1174,2032,402,0,4728,2,K. Nguyen
952,5/4/2025,1176,2037,402,0,720.28,5,A. Torres
953,5/4/2025,1091,2057,401,1,786.56,1,S. Patel
954,5/4/2025,1190,2082,404,1,239.94,7,K. Nguyen
955,5/4/2025,1130,2089,403,0,413.52,1,S. Patel
956,5/4/2025,1097,2049,404,2,0,4,S. Patel
957,5/4/2025,1141,2006,401,2,0,9,M. Chen
958,5/4/2025,1051,2079,404,1,1710.97,1,S. Patel
959,5/4/2025,1162,2090,403,1,257.9,4,A. Torres
960,5/4/2025,1198,2092,402,2,771.54,6,R. Gomez
961,5/4/2025,1114,2022,401,1,3020.31,6,R. Gomez
962,5/4/2025,1044,2094,401,3,493.35,8,J. Alvarez
963,5/4/2025,1010,2054,403,2,720.41,1,K. Nguyen
964,5/4/2025,1033,2020,403,0,751.66,7,A. Torres
965,5/4/2025,1084,2059,402,0,0,1,S. Patel
966,5/4/2025,1039,2041,401,2,0,7,R. Gomez
967,5/4/2025,1125,2073,403,0,1997.72,3,A. Torres
968,5/4/2025,1005,2090,403,1,193.43,8,R. Gomez
969,5/4/2025,1047,2066,401,1,464.45,3,S. Patel
970,5/4/2025,1106,2069,404,0,464.78,1,R. Gomez
971,5/4/2025,1089,2028,402,2,0,8,K. Nguyen
972,5/4/2025,1084,2046,403,1,0,3,K. Nguyen
973,5/4/2025,1192,2079,404,0,950.54,2,J. Alvarez
974,5/4/2025,1029,2085,403,3,726.45,1,J. Alvarez
975,5/4/2025,1061,2082,402,0,533.2,3,R. Gomez
976,5/4/2025,1174,2041,404,0,804.21,2,A. Torres
977,5/4/2025,1098,2032,403,0,0,2,K. Nguyen
978,5/4/2025,1132,2098,403,3,3631.44,6,A. Torres
979,5/4/2025,1124,2005,403,1,1157.71,1,A. Torres
980,5/4/2025,1082,2065,401,0,1411.02,2,R. Gomez
981,5/4/2025,1042,2098,401,0,4539.3,6,A. Torres
982,5/4/2025,1053,2085,402,3,726.45,3,K. Nguyen
983,5/4/2025,1026,2026,404,0,423.12,4,S. Patel
984,5/4/2025,1191,2087,402,0,477.96,1,J. Alvarez
985,5/4/2025,1117,2091,403,0,1811.58,8,S. Patel
986,5/4/2025,1022,2009,401,1,119.36,7,A. Torres
987,5/4/2025,1064,2071,401,1,1107.29,7,S. Patel
988,5/4/2025,1066,2052,404,3,5118.82,3,K. Nguyen
989,5/4/2025,1161,2051,404,2,375.42,3,K. Nguyen
990,5/4/2025,1004,2049,401,0,939.84,2,A. Torres
991,5/4/2025,1164,2092,401,0,2893.26,1,R. Gomez
992,5/4/2025,1179,2009,403,0,66.31,7,S. Patel
993,5/4/2025,1074,2087,403,0,477.96,7,R. Gomez
994,5/4/2025,1072,2097,404,3,842.1,2,R. Gomez
995,5/4/2025,1101,2084,401,3,1127.4,7,M. Chen
996,5/4/2025,1040,2068,402,1,2952.86,8,A. Torres
997,5/4/2025,1191,2050,403,1,504.31,1,J. Alvarez
998,5/4/2025,1076,2086,403,0,2682.3,9,K. Nguyen
999,5/4/2025,1141,2071,402,0,1230.32,7,K. Nguyen
1000,5/4/2025,1010,2000,404,0,3877.24,3,A. Torres
1001,5/4/2025,1078,2026,403,1,761.62,8,J. Alvarez
1002,5/4/2025,1105,2082,402,1,239.94,7,K. Nguyen
1003,5/4/2025,1047,2028,403,1,1148.29,8,A. Torres
1004,5/4/2025,1029,2023,401,3,2818.62,6,K. Nguyen
1005,5/4/2025,1165,2070,401,2,54.69,9,R. Gomez
1006,5/4/2025,1171,2008,403,0,133.18,5,S. Patel
1007,5/4/2025,1050,2092,404,2,771.54,3,S. Patel
1008,5/4/2025,1091,2016,402,0,1292.08,3,K. Nguyen
1009,5/4/2025,1072,2079,401,1,855.49,1,M. Chen
1010,5/4/2025,1081,2062,404,2,495.49,8,J. Alvarez
1011,5/4/2025,1157,2084,403,1,253.67,2,J. Alvarez
1012,5/4/2025,1144,2072,403,2,672.48,3,J. Alvarez
1013,5/4/2025,1109,2021,401,2,668.33,8,R. Gomez
1014,5/4/2025,1063,2028,404,2,510.35,8,J. Alvarez
1015,5/4/2025,1092,2017,403,3,1854.8,4,S. Patel
1016,5/4/2025,1118,2057,403,2,699.17,4,R. Gomez
1017,5/4/2025,1124,2070,401,1,30.76,5,A. Torres
1018,5/4/2025,1165,2077,401,2,449.46,6,J. Alvarez
1019,5/4/2025,1035,2068,402,2,1968.58,5,J. Alvarez
1020,5/4/2025,1187,2080,401,0,0,7,A. Torres
1021,5/4/2025,1004,2064,401,3,882.12,2,J. Alvarez
1022,5/4/2025,1196,2075,402,0,2341.92,7,A. Torres
1023,5/4/2025,1141,2033,404,1,0,7,R. Gomez
1024,5/4/2025,1093,2050,402,2,448.27,1,S. Patel
1025,5/4/2025,1034,2059,401,3,1536.15,7,A. Torres
1026,5/4/2025,1093,2064,401,1,793.91,5,M. Chen
1027,5/4/2025,1157,2087,402,1,286.78,3,A. Torres
1028,5/4/2025,1114,2020,402,1,676.49,3,J. Alvarez
1029,5/4/2025,1188,2093,404,2,1814.26,4,R. Gomez
1030,5/4/2025,1010,2028,404,1,1148.29,2,K. Nguyen
1031,5/4/2025,1016,2033,403,1,2257.88,2,R. Gomez
1032,5/4/2025,1010,2085,402,2,387.44,1,K. Nguyen
1033,5/4/2025,1099,2060,404,0,0,5,A. Torres
1034,5/4/2025,1010,2083,403,0,768.16,4,S. Patel
1035,5/4/2025,1180,2066,403,2,1238.54,2,M. Chen
1036,5/4/2025,1148,2069,402,3,697.17,3,R. Gomez
1037,5/4/2025,1167,2048,403,0,1072.89,7,J. Alvarez
1038,5/4/2025,1132,2032,404,1,851.04,7,K. Nguyen
1039,5/4/2025,1132,2051,403,2,187.71,4,J. Alvarez
1040,5/4/2025,1124,2061,401,1,0,5,S. Patel
1041,5/4/2025,1112,2021,402,0,835.41,5,K. Nguyen
1042,5/4/2025,1131,2082,403,1,239.94,6,R. Gomez
1043,5/4/2025,1038,2023,402,2,0,9,A. Torres
1044,5/4/2025,1154,2091,401,1,3260.84,2,J. Alvarez
1045,5/4/2025,1106,2042,401,3,1173.27,5,S. Patel
1046,5/4/2025,1172,2061,404,1,719.71,3,R. Gomez
1047,5/4/2025,1151,2020,404,0,1127.49,4,R. Gomez
1048,5/4/2025,1062,2005,402,1,385.9,6,R. Gomez
1049,5/4/2025,1034,2080,401,1,2996.14,8,R. Gomez
1050,5/4/2025,1014,2021,403,1,1503.74,1,K. Nguyen
1051,5/4/2025,1132,2051,401,2,281.57,8,R. Gomez
1052,5/4/2025,1021,2027,404,3,775.83,7,J. Alvarez
1053,5/4/2025,1123,2021,402,3,0,1,S. Patel
1054,5/4/2025,1153,2018,402,2,867.62,2,K. Nguyen
1055,5/4/2025,1042,2092,403,3,1446.63,3,R. Gomez
1056,5/4/2025,1152,2075,401,1,2107.73,1,M. Chen
1057,5/4/2025,1096,2049,402,0,939.84,9,M. Chen
1058,5/4/2025,1004,2025,404,1,0,8,S. Patel
1059,5/4/2025,1155,2012,402,3,623.19,2,A. Torres
1060,5/4/2025,1157,2076,401,0,2418.21,9,A. Torres
1061,5/4/2025,1023,2061,402,0,199.92,7,K. Nguyen
1062,5/4/2025,1198,2086,404,3,894.1,9,K. Nguyen
1063,5/4/2025,1094,2005,404,1,771.8,6,K. Nguyen
1064,5/4/2025,1123,2098,404,2,3631.44,6,A. Torres
1065,5/4/2025,1150,2094,401,3,2466.75,4,M. Chen
1066,5/4/2025,1034,2032,404,1,1702.08,2,A. Torres
1067,5/4/2025,1021,2036,404,2,348.77,7,J. Alvarez
1068,5/4/2025,1048,2000,401,0,4846.55,5,R. Gomez
1069,5/4/2025,1133,2000,404,1,872.38,6,K. Nguyen
1070,5/4/2025,1176,2040,404,2,55.26,2,M. Chen
1071,5/4/2025,1027,2019,404,2,747.14,5,S. Patel
1072,5/4/2025,1066,2068,404,2,1968.58,4,S. Patel
1073,5/4/2025,1156,2035,404,1,0,9,R. Gomez
1074,5/4/2025,1105,2070,404,1,0,6,M. Chen
1075,5/4/2025,1094,2071,404,2,984.26,2,A. Torres
1076,5/4/2025,1078,2073,403,3,499.43,1,A. Torres
1077,5/4/2025,1188,2017,401,1,417.33,5,J. Alvarez
1078,5/4/2025,1114,2089,402,0,827.04,9,J. Alvarez
1079,5/4/2025,1054,2065,404,2,376.27,6,A. Torres
1080,5/4/2025,1140,2078,401,1,255.62,7,S. Patel
1081,5/4/2025,1099,2081,401,0,1492.44,5,K. Nguyen
1082,5/4/2025,1037,2060,404,0,1225.14,6,S. Patel
1083,5/4/2025,1016,2033,402,2,2007,5,J. Alvarez
1084,5/4/2025,1020,2077,401,3,561.83,9,R. Gomez
1085,5/4/2025,1102,2078,403,0,142.01,6,A. Torres
1086,5/4/2025,1198,2022,404,3,671.18,8,J. Alvarez
1087,5/4/2025,1002,2025,403,1,503.32,2,J. Alvarez
1088,5/4/2025,1008,2076,402,1,1450.93,9,K. Nguyen
1089,5/4/2025,1172,2004,403,1,834.52,5,A. Torres
1090,5/4/2025,1167,2000,402,0,969.31,7,K. Nguyen
1091,5/4/2025,1070,2099,404,2,1551.17,1,A. Torres
1092,5/4/2025,1171,2050,404,1,168.1,5,K. Nguyen
1093,5/4/2025,1132,2001,401,0,2061.75,2,S. Patel
1094,5/4/2025,1140,2036,403,2,348.77,6,R. Gomez
1095,5/4/2025,1070,2028,402,3,2551.76,1,R. Gomez
1096,5/4/2025,1103,2073,401,2,0,3,A. Torres
1097,5/4/2025,1044,2052,401,0,2193.78,5,M. Chen
1098,5/4/2025,1128,2037,403,0,0,4,J. Alvarez
1099,5/4/2025,1131,2032,403,3,4728,3,J. Alvarez
1100,5/4/2025,1096,2072,404,1,378.27,5,A. Torres
1101,5/4/2025,1193,2043,404,3,2620.35,8,K. Nguyen
1102,5/4/2025,1150,2003,404,0,1155.54,4,M. Chen
1103,5/4/2025,1066,2008,404,1,59.93,1,S. Patel
1104,5/4/2025,1173,2089,402,2,0,7,K. Nguyen
1105,5/4/2025,1105,2045,401,2,499.42,8,K. Nguyen
1106,5/4/2025,1063,2036,401,3,653.94,3,A. Torres
1107,5/4/2025,1172,2095,403,0,981.58,6,A. Torres
1108,5/4/2025,1141,2022,404,2,0,2,J. Alvarez
1109,5/4/2025,1090,2027,403,1,698.25,7,A. Torres
1110,5/4/2025,1191,2087,402,3,955.92,8,A. Torres
1111,5/4/2025,1188,2025,402,1,251.66,6,A. Torres
1112,5/4/2025,1067,2026,402,1,380.81,6,J. Alvarez
1113,5/4/2025,1063,2079,403,1,1710.97,5,S. Patel
1114,5/4/2025,1199,2013,401,0,5612.16,8,S. Patel
1115,5/4/2025,1173,2084,404,0,281.85,1,A. Torres
1116,5/4/2025,1195,2069,401,3,697.17,4,J. Alvarez
1117,5/4/2025,1095,2079,403,3,950.54,4,S. Patel
1118,5/4/2025,1147,2035,404,1,809.99,3,K. Nguyen
1119,5/4/2025,1195,2065,403,3,1411.02,3,S. Patel
1120,5/4/2025,1056,2096,402,0,0,4,S. Patel
1121,5/4/2025,1134,2054,404,0,3602.04,1,J. Alvarez
1122,5/4/2025,1128,2044,404,1,373.64,2,K. Nguyen
1123,5/4/2025,1117,2015,404,2,1619.93,9,J. Alvarez
1124,5/4/2025,1176,2001,401,1,371.12,2,A. Torres
1125,5/4/2025,1097,2074,401,2,527.6,5,R. Gomez
1126,5/4/2025,1092,2078,403,1,383.43,9,S. Patel
1127,5/4/2025,1140,2033,402,2,1338,9,R. Gomez
1128,5/4/2025,1120,2078,403,2,227.22,8,J. Alvarez
1129,5/4/2025,1047,2063,404,1,0,1,J. Alvarez
1130,5/4/2025,1107,2089,403,2,330.82,1,J. Alvarez
1131,5/4/2025,1102,2035,404,1,1619.98,9,R. Gomez
1132,5/4/2025,1146,2016,402,0,0,8,J. Alvarez
1133,5/4/2025,1184,2034,402,3,680.85,9,A. Torres
1134,5/4/2025,1097,2025,402,1,1258.29,7,J. Alvarez
1135,5/4/2025,1121,2001,402,3,0,3,M. Chen
1136,5/4/2025,1127,2017,403,3,0,3,R. Gomez
1137,5/4/2025,1076,2032,401,3,6619.2,2,M. Chen
1138,5/4/2025,1025,2088,402,0,0,5,J. Alvarez
1139,5/4/2025,1055,2032,404,0,945.6,3,A. Torres
1140,5/4/2025,1115,2095,403,2,0,6,S. Patel
1141,5/4/2025,1092,2046,403,2,80.23,2,K. Nguyen
1142,5/4/2025,1005,2052,401,2,1170.02,3,K. Nguyen
1143,5/4/2025,1173,2077,402,1,1516.94,5,J. Alvarez
1144,5/4/2025,1199,2036,403,2,871.92,1,A. Torres
1145,5/4/2025,1172,2065,404,3,2822.04,1,R. Gomez
1146,5/4/2025,1020,2048,403,3,1072.89,9,M. Chen
1147,5/4/2025,1161,2018,402,2,1301.42,7,M. Chen
1148,5/4/2025,1107,2080,404,0,4993.56,1,M. Chen
1149,5/4/2025,1020,2020,403,1,1014.74,8,R. Gomez
1150,5/4/2025,1080,2040,403,2,55.26,3,K. Nguyen
1151,5/4/2025,1154,2082,404,2,639.84,8,A. Torres
1152,5/4/2025,1113,2099,403,3,646.32,5,R. Gomez
1153,5/4/2025,1105,2021,402,0,835.41,1,M. Chen
1154,5/4/2025,1032,2093,402,2,2419.01,7,J. Alvarez
1155,5/4/2025,1190,2089,401,1,0,5,S. Patel
1156,5/4/2025,1042,2050,401,0,1120.68,6,R. Gomez
1157,5/4/2025,1016,2060,401,0,816.76,6,R. Gomez
1158,5/4/2025,1197,2050,401,0,560.34,8,A. Torres
1159,5/4/2025,1067,2079,402,0,1901.08,9,A. Torres
1160,5/4/2025,1167,2049,403,1,0,2,R. Gomez
1161,5/4/2025,1063,2094,403,3,493.35,9,M. Chen
1162,5/4/2025,1160,2016,402,1,1162.87,9,S. Patel
1163,5/4/2025,1007,2004,403,2,2225.4,7,A. Torres
1164,5/4/2025,1121,2059,403,3,2048.2,1,M. Chen
1165,5/4/2025,1034,2089,402,3,2481.12,7,J. Alvarez
1166,5/4/2025,1161,2095,404,2,392.63,5,A. Torres
1167,5/4/2025,1088,2061,402,0,799.68,6,M. Chen
1168,5/4/2025,1113,2039,403,3,976.44,7,M. Chen
1169,5/4/2025,1066,2019,403,0,933.93,5,S. Patel
1170,5/4/2025,1000,2066,402,2,412.85,7,S. Patel
1171,5/4/2025,1073,2060,401,3,0,9,J. Alvarez
1172,5/4/2025,1193,2061,403,0,199.92,3,M. Chen
1173,5/4/2025,1196,2055,403,1,194.18,8,K. Nguyen
1174,5/4/2025,1001,2070,403,1,61.52,2,M. Chen
1175,5/4/2025,1105,2071,404,3,615.16,7,S. Patel
1176,5/4/2025,1063,2020,404,3,375.83,2,K. Nguyen
1177,5/4/2025,1056,2033,401,3,836.25,4,A. Torres
1178,5/4/2025,1160,2030,403,2,271.95,7,A. Torres
1179,5/4/2025,1166,2095,403,3,1472.37,3,R. Gomez
1180,5/4/2025,1048,2008,402,1,0,2,S. Patel
1181,5/4/2025,1074,2014,404,3,738.9,7,R. Gomez
1182,5/4/2025,1069,2089,404,1,372.17,1,K. Nguyen
1183,5/4/2025,1082,2002,402,0,1732,8,S. Patel
1184,5/4/2025,1136,2002,402,0,1732,3,J. Alvarez
1185,5/4/2025,1072,2034,402,3,0,2,M. Chen
1186,5/4/2025,1186,2001,402,0,824.7,3,J. Alvarez
1187,5/4/2025,1038,2001,404,1,0,5,K. Nguyen
1188,5/4/2025,1087,2053,403,3,2440.6,8,S. Patel
1189,5/4/2025,1095,2059,401,2,1638.56,7,K. Nguyen
1190,5/4/2025,1020,2096,402,0,2688.72,7,M. Chen
1191,5/4/2025,1068,2099,404,0,1938.96,7,A. Torres
1192,5/4/2025,1139,2060,402,1,1102.63,8,A. Torres
1193,5/4/2025,1064,2048,401,0,715.26,1,K. Nguyen
1194,5/4/2025,1196,2091,402,3,0,4,R. Gomez
1195,5/4/2025,1197,2056,402,0,1049.44,6,S. Patel
1196,5/4/2025,1050,2058,401,1,1800.22,9,S. Patel
1197,5/4/2025,1121,2049,403,2,751.87,2,A. Torres
1198,5/4/2025,1040,2080,401,0,1664.52,1,J. Alvarez
1199,5/4/2025,1064,2061,403,1,179.93,2,M. Chen
1200,5/4/2025,1092,2006,402,0,198,7,J. Alvarez
1201,5/4/2025,1060,2081,404,2,1193.95,3,J. Alvarez
1202,5/4/2025,1003,2021,403,0,2506.23,2,K. Nguyen
1203,5/4/2025,1101,2031,401,0,1130.6,7,A. Torres
1204,5/4/2025,1148,2088,404,1,0,2,A. Torres
1205,5/4/2025,1095,2098,401,1,2451.22,3,A. Torres
1206,5/4/2025,1040,2063,401,2,883.94,7,K. Nguyen
1207,5/4/2025,1194,2080,401,0,1664.52,4,R. Gomez
1208,5/4/2025,1091,2082,402,0,0,1,J. Alvarez
1209,5/4/2025,1032,2062,402,2,1981.95,5,K. Nguyen
1210,5/4/2025,1142,2082,403,3,799.8,9,S. Patel
1211,5/4/2025,1187,2024,401,3,372.81,8,M. Chen
1212,5/4/2025,1091,2092,402,2,385.77,9,R. Gomez
1213,5/4/2025,1010,2062,404,2,990.98,9,S. Patel
1214,5/4/2025,1138,2089,404,1,744.34,7,J. Alvarez
1215,5/4/2025,1145,2023,403,2,1503.26,4,A. Torres
1216,5/4/2025,1187,2059,403,1,1843.38,5,J. Alvarez
1217,5/4/2025,1017,2067,402,3,0,1,K. Nguyen
1218,5/4/2025,1075,2033,403,3,836.25,1,M. Chen
1219,5/4/2025,1000,2099,404,1,2326.75,3,K. Nguyen
1220,5/4/2025,1004,2079,403,1,0,8,R. Gomez
1221,5/4/2025,1082,2092,401,3,0,2,R. Gomez
1222,5/4/2025,1048,2067,404,1,785.56,4,M. Chen
1223,5/4/2025,1156,2036,403,3,0,2,S. Patel
1224,5/4/2025,1164,2041,401,0,804.21,5,S. Patel
1225,5/4/2025,1133,2084,401,0,0,9,R. Gomez
1226,5/4/2025,1033,2022,401,1,604.06,1,R. Gomez
1227,5/4/2025,1027,2062,402,0,1238.72,5,A. Torres
1228,5/4/2025,1008,2073,404,3,1498.29,9,S. Patel
1229,5/4/2025,1134,2079,403,0,950.54,1,M. Chen
1230,5/4/2025,1093,2028,401,0,1275.88,9,S. Patel
1231,5/4/2025,1053,2083,404,0,2304.48,8,A. Torres
1232,5/4/2025,1119,2081,401,2,0,4,K. Nguyen
1233,5/4/2025,1142,2095,404,2,1177.9,5,R. Gomez
1234,5/4/2025,1181,2007,403,0,583.39,5,R. Gomez
1235,5/4/2025,1187,2009,403,0,265.24,6,A. Torres
1236,5/4/2025,1055,2066,401,0,2580.3,7,M. Chen
1237,5/4/2025,1185,2029,404,1,12.16,8,R. Gomez
1238,5/4/2025,1049,2067,402,1,261.86,8,J. Alvarez
1239,5/4/2025,1142,2095,404,0,1963.16,2,R. Gomez
1240,5/4/2025,1196,2081,403,3,746.22,9,J. Alvarez
1241,5/4/2025,1179,2085,404,0,242.15,7,A. Torres
1242,5/4/2025,1042,2023,404,2,2254.9,4,A. Torres
1243,5/4/2025,1168,2020,404,2,601.33,4,R. Gomez
1244,5/4/2025,1080,2070,403,2,0,8,S. Patel
1245,5/4/2025,1105,2097,404,2,673.68,4,J. Alvarez
1246,5/4/2025,1155,2030,402,3,509.91,6,M. Chen
1247,5/4/2025,1196,2070,403,2,27.34,5,R. Gomez
1248,5/4/2025,1115,2057,404,0,1747.92,3,M. Chen
1249,5/4/2025,1185,2004,403,0,2781.75,2,R. Gomez
1250,5/4/2025,1132,2017,403,0,0,9,S. Patel
1251,5/4/2025,1076,2028,402,2,1020.7,9,S. Patel
1252,5/4/2025,1005,2098,403,1,3268.3,1,S. Patel
1253,5/4/2025,1024,2004,404,2,1483.6,3,K. Nguyen
1254,5/4/2025,1039,2017,403,2,370.96,8,S. Patel
1255,5/4/2025,1149,2031,402,2,904.48,6,A. Torres
1256,5/4/2025,1076,2011,404,1,737.53,5,A. Torres
1257,5/4/2025,1187,2009,403,3,198.93,5,K. Nguyen
1258,5/4/2025,1044,2062,401,2,495.49,6,J. Alvarez
1259,5/4/2025,1009,2093,404,0,0,7,M. Chen
1260,5/4/2025,1199,2007,403,2,1400.14,1,R. Gomez
1261,5/4/2025,1111,2053,401,1,3294.81,9,R. Gomez
1262,5/4/2025,1191,2083,401,3,768.16,3,K. Nguyen
1263,5/4/2025,1013,2039,401,2,1562.3,4,A. Torres
1264,5/4/2025,1138,2072,402,2,672.48,1,R. Gomez
1265,5/4/2025,1128,2089,402,1,744.34,3,A. Torres
1266,5/4/2025,1012,2086,404,3,2682.3,2,J. Alvarez
1267,5/4/2025,1192,2076,401,1,1450.93,2,M. Chen
1268,5/4/2025,1110,2037,404,1,324.13,1,J. Alvarez
1269,5/4/2025,1033,2043,401,3,4367.25,8,K. Nguyen
1270,5/4/2025,1146,2095,401,3,1963.16,3,S. Patel
1271,5/4/2025,1067,2010,404,3,0,3,S. Patel
1272,5/4/2025,1198,2089,402,1,744.34,6,S. Patel
1273,5/4/2025,1123,2071,402,3,1845.48,8,J. Alvarez
1274,5/4/2025,1101,2083,402,1,2074.03,9,R. Gomez
1275,5/4/2025,1062,2009,403,3,66.31,9,M. Chen
1276,5/4/2025,1082,2087,401,0,318.64,4,S. Patel
1277,5/4/2025,1171,2052,404,2,0,5,K. Nguyen
1278,5/4/2025,1089,2024,403,2,298.25,2,K. Nguyen
1279,5/4/2025,1152,2083,401,2,1843.58,9,S. Patel
1280,5/4/2025,1043,2044,404,1,373.64,8,S. Patel
1281,5/4/2025,1112,2005,402,1,0,3,M. Chen
1282,5/4/2025,1175,2047,402,0,1004.94,9,S. Patel
1283,5/4/2025,1028,2094,401,1,888.03,3,M. Chen
1284,5/4/2025,1158,2018,403,0,2169.04,9,K. Nguyen
1285,5/4/2025,1087,2088,401,2,567.48,2,S. Patel
1286,5/4/2025,1115,2060,401,2,980.11,9,J. Alvarez
1287,5/4/2025,1053,2094,402,1,888.03,8,J. Alvarez
1288,5/4/2025,1139,2066,403,3,2580.3,9,K. Nguyen
1289,5/4/2025,1159,2093,402,0,0,5,M. Chen
1290,5/4/2025,1096,2074,401,2,1055.2,2,J. Alvarez
1291,5/4/2025,1043,2007,403,1,525.05,8,M. Chen
1292,5/4/2025,1178,2079,403,0,950.54,6,J. Alvarez
1293,5/4/2025,1119,2083,401,0,768.16,8,J. Alvarez
1294,5/4/2025,1099,2084,403,2,0,5,M. Chen
1295,5/4/2025,1027,2002,403,3,866,2,R. Gomez
1296,5/4/2025,1059,2048,401,2,572.21,6,J. Alvarez
1297,5/4/2025,1124,2076,401,1,2176.39,5,S. Patel
1298,5/4/2025,1050,2064,404,0,1470.2,5,K. Nguyen
1299,5/4/2025,1010,2031,403,2,1356.72,1,R. Gomez
1300,5/4/2025,1125,2050,402,0,373.56,2,M. Chen
1301,5/4/2025,1088,2087,403,2,509.82,8,R. Gomez
1302,5/4/2025,1160,2038,402,2,2223.62,3,A. Torres
1303,5/4/2025,1015,2080,403,3,2496.78,3,A. Torres
1304,5/4/2025,1007,2071,403,1,553.64,8,J. Alvarez
1305,5/4/2025,1038,2043,404,1,786.1,8,J. Alvarez
1306,5/4/2025,1022,2093,404,1,2721.38,2,S. Patel
1307,5/4/2025,1106,2030,402,3,1019.82,8,K. Nguyen
1308,5/4/2025,1079,2077,403,3,561.83,1,R. Gomez
1309,5/4/2025,1138,2016,402,1,872.15,6,A. Torres
1310,5/4/2025,1148,2069,402,1,418.3,8,J. Alvarez
1311,5/4/2025,1079,2088,402,3,709.35,3,K. Nguyen
1312,5/4/2025,1197,2018,402,2,867.62,8,R. Gomez
1313,5/4/2025,1017,2071,401,1,553.64,1,J. Alvarez
1314,5/4/2025,1081,2018,401,2,867.62,9,J. Alvarez
1315,5/4/2025,1105,2052,403,3,731.26,9,A. Torres
1316,5/4/2025,1190,2081,403,1,0,5,A. Torres
1317,5/4/2025,1199,2024,401,1,223.69,4,J. Alvarez
1318,5/4/2025,1047,2003,403,1,346.66,6,M. Chen
1319,5/4/2025,1152,2029,402,0,27.02,7,J. Alvarez
1320,5/4/2025,1091,2010,404,1,210.17,5,K. Nguyen
1321,5/4/2025,1128,2077,404,2,0,9,J. Alvarez
1322,5/4/2025,1047,2049,404,3,0,3,S. Patel
1323,5/4/2025,1035,2020,402,1,676.49,7,S. Patel
1324,5/4/2025,1008,2052,401,2,585.01,5,S. Patel
1325,5/4/2025,1105,2028,402,1,1148.29,7,M. Chen
1326,5/4/2025,1016,2022,404,3,2684.72,2,M. Chen
1327,5/4/2025,1176,2041,404,1,1447.58,4,J. Alvarez
1328,5/4/2025,1109,2051,401,3,469.28,2,S. Patel
1329,5/4/2025,1184,2040,404,0,103.62,7,M. Chen
1330,5/4/2025,1133,2013,404,3,3741.44,2,A. Torres
1331,5/4/2025,1010,2031,404,0,1130.6,1,J. Alvarez
1332,5/4/2025,1142,2049,401,1,0,9,K. Nguyen
1333,5/4/2025,1074,2056,404,2,839.55,1,R. Gomez
1334,5/4/2025,1198,2036,404,1,392.36,8,J. Alvarez
1335,5/4/2025,1108,2037,401,1,648.25,2,R. Gomez
1336,5/4/2025,1118,2082,404,0,799.8,8,S. Patel
1337,5/4/2025,1184,2064,401,1,264.64,3,R. Gomez
1338,5/4/2025,1199,2074,402,3,1978.5,6,S. Patel
1339,5/4/2025,1105,2041,404,0,0,3,A. Torres
1340,5/4/2025,1045,2058,402,3,0,7,R. Gomez
1341,5/4/2025,1023,2032,403,1,1702.08,9,J. Alvarez
1342,5/4/2025,1183,2093,401,0,2267.82,2,S. Patel
1343,5/4/2025,1029,2090,404,2,57.31,5,J. Alvarez
1344,5/4/2025,1021,2067,404,1,261.86,6,M. Chen
1345,5/4/2025,1096,2070,404,0,136.72,4,S. Patel
1346,5/4/2025,1196,2021,403,1,751.87,4,R. Gomez
1347,5/4/2025,1041,2018,402,0,1084.52,4,S. Patel
1348,5/4/2025,1107,2039,403,3,0,2,J. Alvarez
1349,5/4/2025,1073,2080,402,0,3329.04,4,A. Torres
1350,5/4/2025,1033,2025,401,2,671.09,1,S. Patel
1351,5/4/2025,1003,2058,404,3,2000.25,6,R. Gomez
1352,5/4/2025,1139,2000,404,1,1744.76,1,M. Chen
1353,5/4/2025,1055,2075,404,3,3122.56,6,K. Nguyen
1354,5/4/2025,1104,2056,401,0,1574.16,1,A. Torres
1355,5/4/2025,1062,2070,403,1,30.76,6,M. Chen
1356,5/4/2025,1012,2023,402,0,2818.62,8,S. Patel
1357,5/4/2025,1167,2044,401,1,560.47,2,J. Alvarez
1358,5/4/2025,1008,2085,403,2,0,2,J. Alvarez
1359,5/4/2025,1022,2006,401,3,990,4,R. Gomez
1360,5/4/2025,1045,2020,403,1,1352.99,3,J. Alvarez
1361,5/4/2025,1116,2095,403,0,981.58,4,A. Torres
1362,5/4/2025,1023,2098,403,2,1452.58,7,J. Alvarez
1363,5/4/2025,1094,2048,401,3,1072.89,1,R. Gomez
1364,5/4/2025,1140,2008,403,3,0,6,K. Nguyen
1365,5/4/2025,1034,2015,403,2,1079.95,3,S. Patel
1366,5/4/2025,1134,2052,402,1,1316.27,7,S. Patel
1367,5/4/2025,1156,2007,401,0,1750.17,2,J. Alvarez
1368,5/4/2025,1123,2092,403,3,0,2,M. Chen
1369,5/4/2025,1155,2040,403,2,27.63,4,S. Patel
1370,5/4/2025,1033,2078,404,3,568.04,1,K. Nguyen
1371,5/4/2025,1126,2023,402,2,2254.9,3,J. Alvarez
1372,5/4/2025,1049,2000,401,0,3877.24,9,R. Gomez
1373,5/4/2025,1119,2080,401,1,0,7,K. Nguyen
1374,5/4/2025,1157,2053,404,0,1830.45,7,J. Alvarez
1375,5/4/2025,1085,2044,402,0,207.58,4,K. Nguyen
1376,5/4/2025,1163,2025,403,2,447.39,2,S. Patel
1377,5/4/2025,1017,2039,403,2,3905.76,4,R. Gomez
1378,5/4/2025,1196,2000,401,2,0,6,J. Alvarez
1379,5/4/2025,1087,2050,401,1,168.1,3,A. Torres
1380,5/4/2025,1049,2042,403,3,670.44,1,R. Gomez
1381,5/4/2025,1121,2004,402,3,3709,8,A. Torres
1382,5/4/2025,1039,2080,404,2,665.81,5,K. Nguyen
1383,5/4/2025,1118,2052,401,2,0,5,M. Chen
1384,5/4/2025,1144,2092,403,0,1446.63,4,R. Gomez
1385,5/4/2025,1053,2073,403,2,1198.63,6,K. Nguyen
1386,5/4/2025,1016,2019,403,0,0,3,A. Torres
1387,5/4/2025,1086,2048,402,3,1072.89,9,S. Patel
1388,5/4/2025,1047,2076,401,2,0,5,S. Patel
1389,5/4/2025,1180,2040,401,2,110.53,3,M. Chen
1390,5/4/2025,1105,2011,404,1,0,1,R. Gomez
1391,5/4/2025,1095,2057,403,1,786.56,6,R. Gomez
1392,5/4/2025,1134,2038,402,0,926.51,2,R. Gomez
1393,5/4/2025,1095,2004,402,0,0,3,K. Nguyen
1394,5/4/2025,1113,2064,401,3,294.04,1,M. Chen
1395,5/4/2025,1128,2019,402,2,1494.29,9,R. Gomez
1396,5/4/2025,1123,2093,403,2,3023.76,8,K. Nguyen
1397,5/4/2025,1036,2098,401,1,817.07,2,S. Patel
1398,5/4/2025,1052,2092,401,3,1928.84,8,A. Torres
1399,5/4/2025,1099,2091,401,0,905.79,9,K. Nguyen
1400,5/4/2025,1079,2005,401,2,1715.12,1,S. Patel
1401,5/4/2025,1119,2005,401,2,686.05,5,S. Patel
1402,5/4/2025,1005,2073,403,1,0,8,A. Torres
1403,5/4/2025,1082,2025,402,2,223.7,2,S. Patel
1404,5/4/2025,1070,2068,403,3,2460.72,4,M. Chen
1405,5/4/2025,1171,2015,403,1,0,7,A. Torres
1406,5/4/2025,1040,2035,401,0,899.99,3,S. Patel
1407,5/4/2025,1159,2071,401,1,1660.93,5,J. Alvarez
1408,5/4/2025,1138,2044,403,2,0,8,K. Nguyen
1409,5/4/2025,1036,2090,403,1,0,3,S. Patel
1410,5/4/2025,1043,2009,403,2,106.1,4,M. Chen
1411,5/4/2025,1138,2056,401,1,944.5,9,R. Gomez
1412,5/4/2025,1007,2060,401,0,816.76,7,S. Patel
1413,5/4/2025,1098,2006,401,3,990,1,R. Gomez
1414,5/4/2025,1100,2022,404,2,1610.83,4,J. Alvarez
1415,5/4/2025,1079,2042,402,0,167.61,4,S. Patel
1416,5/4/2025,1193,2097,404,1,2273.67,9,A. Torres
1417,5/4/2025,1023,2089,404,0,413.52,6,R. Gomez
1418,5/4/2025,1116,2039,404,3,3905.76,9,J. Alvarez
1419,5/4/2025,1059,2028,402,2,1531.06,6,A. Torres
1420,5/4/2025,1093,2050,402,2,298.85,6,A. Torres
1421,5/4/2025,1083,2058,404,0,2000.25,5,A. Torres
1422,5/4/2025,1016,2060,401,2,653.41,5,A. Torres
1423,5/4/2025,1122,2059,402,2,1228.92,2,S. Patel
1424,5/4/2025,1196,2044,402,0,207.58,8,K. Nguyen
1425,5/4/2025,1103,2091,401,2,2173.9,8,S. Patel
1426,5/4/2025,1142,2083,401,2,1229.06,1,S. Patel
1427,5/4/2025,1136,2059,404,3,2560.25,8,J. Alvarez
1428,5/4/2025,1061,2079,402,1,2566.46,5,J. Alvarez
1429,5/4/2025,1123,2049,401,2,751.87,2,K. Nguyen
1430,5/4/2025,1053,2088,404,3,709.35,2,J. Alvarez
1431,5/4/2025,1145,2043,402,1,1572.21,6,M. Chen
1432,5/4/2025,1169,2085,401,3,1210.75,9,K. Nguyen
1433,5/4/2025,1029,2075,404,2,1249.02,1,J. Alvarez
1434,5/4/2025,1142,2012,404,1,1682.61,6,K. Nguyen
1435,5/4/2025,1078,2051,401,0,117.32,9,S. Patel
1436,5/4/2025,1175,2076,404,2,1289.71,8,S. Patel
1437,5/4/2025,1126,2082,401,0,1066.4,6,K. Nguyen
1438,5/4/2025,1055,2017,401,1,1669.32,3,M. Chen
1439,5/4/2025,1169,2019,404,2,747.14,8,M. Chen
1440,5/4/2025,1099,2078,404,1,383.43,9,K. Nguyen
1441,5/4/2025,1052,2087,403,2,0,1,J. Alvarez
1442,5/4/2025,1145,2086,403,3,2682.3,9,R. Gomez
1443,5/4/2025,1183,2044,401,0,1037.9,6,M. Chen
1444,5/4/2025,1156,2065,404,1,423.31,6,A. Torres
1445,5/4/2025,1075,2007,403,0,1166.78,4,S. Patel
1446,5/4/2025,1000,2090,403,0,143.28,1,K. Nguyen
1447,5/4/2025,1072,2003,402,3,0,8,A. Torres
1448,5/4/2025,1179,2075,404,2,1873.54,2,K. Nguyen
1449,5/4/2025,1182,2048,404,3,357.63,1,S. Patel
1450,5/4/2025,1111,2069,402,1,836.6,2,S. Patel
1451,5/4/2025,1121,2017,402,3,2782.2,1,M. Chen
1452,5/4/2025,1092,2053,402,2,1464.36,1,M. Chen
1453,5/4/2025,1171,2016,402,0,646.04,9,A. Torres
1454,5/4/2025,1018,2082,401,1,0,1,K. Nguyen
1455,5/4/2025,1184,2062,404,1,1672.27,4,S. Patel
1456,5/4/2025,1021,2017,404,3,463.7,6,A. Torres
1457,5/4/2025,1178,2077,404,1,505.65,7,R. Gomez
1458,5/4/2025,1116,2065,404,3,470.34,2,A. Torres
1459,5/4/2025,1098,2045,402,1,280.93,6,J. Alvarez
1460,5/4/2025,1108,2077,401,3,1685.49,7,A. Torres
1461,5/4/2025,1187,2030,403,3,509.91,2,J. Alvarez
1462,5/4/2025,1139,2073,403,0,499.43,2,J. Alvarez
1463,5/4/2025,1009,2072,404,2,0,7,J. Alvarez
1464,5/4/2025,1028,2074,404,0,3297.5,1,R. Gomez
1465,5/4/2025,1036,2093,403,3,0,8,A. Torres
1466,5/4/2025,1132,2010,401,1,0,3,A. Torres
1467,5/4/2025,1120,2080,401,2,665.81,6,R. Gomez
1468,5/4/2025,1156,2006,403,0,198,9,S. Patel
1469,5/4/2025,1120,2058,404,2,1600.2,6,M. Chen
1470,5/4/2025,1107,2045,403,2,249.71,9,A. Torres
1471,5/4/2025,1042,2004,403,2,0,7,M. Chen
1472,5/4/2025,1015,2080,404,1,749.03,9,K. Nguyen
1473,5/4/2025,1146,2006,403,0,792,2,K. Nguyen
1474,5/4/2025,1073,2062,401,1,1114.85,8,R. Gomez
1475,5/4/2025,1129,2009,403,2,0,8,K. Nguyen
1476,5/4/2025,1033,2078,403,2,340.82,2,K. Nguyen
1477,5/4/2025,1065,2001,401,1,371.12,4,S. Patel
1478,5/4/2025,1151,2094,402,3,493.35,7,S. Patel
1479,5/4/2025,1094,2022,403,1,0,4,S. Patel
1480,5/4/2025,1124,2023,401,2,2254.9,4,K. Nguyen
1481,5/4/2025,1021,2018,402,3,542.26,6,R. Gomez
1482,5/4/2025,1192,2052,404,1,0,6,J. Alvarez
1483,5/4/2025,1169,2056,402,1,944.5,3,J. Alvarez
1484,5/4/2025,1147,2093,403,0,2267.82,9,M. Chen
1485,5/4/2025,1164,2033,401,0,836.25,2,J. Alvarez
1486,5/4/2025,1042,2059,404,3,3072.3,6,J. Alvarez
1487,5/4/2025,1077,2060,402,3,1633.52,7,S. Patel
1488,5/4/2025,1174,2090,404,3,286.56,9,S. Patel
1489,5/4/2025,1067,2018,404,0,2169.04,3,K. Nguyen
1490,5/4/2025,1073,2057,404,2,349.58,3,M. Chen
1491,5/4/2025,1135,2087,401,0,318.64,7,A. Torres
1492,5/4/2025,1136,2081,403,3,2238.66,4,M. Chen
1493,5/4/2025,1156,2083,403,2,1229.06,8,M. Chen
1494,5/4/2025,1069,2034,401,2,217.87,7,R. Gomez
1495,5/4/2025,1167,2074,404,3,2638,5,K. Nguyen
1496,5/4/2025,1197,2086,402,1,2414.07,7,R. Gomez
1497,5/4/2025,1133,2043,402,2,1397.52,3,M. Chen
1498,5/4/2025,1140,2001,401,0,1237.05,2,M. Chen
1499,5/4/2025,1003,2052,401,0,731.26,6,M. Chen
1500,5/4/2025,1175,2057,403,1,1179.85,2,J. Alvarez
1501,5/4/2025,1185,2036,403,1,980.91,3,R. Gomez
1502,5/4/2025,1008,2003,401,0,0,6,M. Chen
1503,5/4/2025,1152,2084,402,0,281.85,5,S. Patel
1504,5/4/2025,1181,2015,401,1,1214.95,8,K. Nguyen
1505,5/4/2025,1096,2084,402,0,0,9,K. Nguyen
1506,5/4/2025,1178,2023,403,2,1503.26,3,S. Patel
1507,5/4/2025,1119,2084,401,3,0,3,K. Nguyen
1508,5/4/2025,1070,2098,404,2,1452.58,3,J. Alvarez
1509,5/4/2025,1065,2020,401,2,300.66,6,J. Alvarez
1510,5/4/2025,1198,2007,404,3,2333.56,1,A. Torres
1511,5/4/2025,1085,2007,403,2,933.42,7,A. Torres
1512,5/4/2025,1045,2056,401,3,3148.32,1,A. Torres
1513,5/4/2025,1051,2078,404,1,383.43,5,K. Nguyen
1514,5/4/2025,1165,2062,401,1,557.42,8,J. Alvarez
1515,5/4/2025,1138,2098,404,1,817.07,4,J. Alvarez
1516,5/4/2025,1157,2082,401,3,1066.4,5,J. Alvarez
1517,5/4/2025,1183,2033,401,0,0,4,S. Patel
1518,5/4/2025,1018,2009,403,3,0,4,J. Alvarez
1519,5/4/2025,1004,2063,402,0,552.46,8,S. Patel
1520,5/4/2025,1009,2085,404,2,193.72,2,A. Torres
1521,5/4/2025,1038,2089,403,3,1240.56,1,A. Torres
1522,5/4/2025,1147,2000,404,3,4846.55,3,K. Nguyen
1523,5/4/2025,1111,2051,401,1,211.18,9,A. Torres
1524,5/4/2025,1000,2049,404,0,5639.04,4,K. Nguyen
1525,5/4/2025,1145,2068,403,2,656.19,5,M. Chen
1526,5/4/2025,1174,2038,404,0,1853.02,2,M. Chen
1527,5/4/2025,1161,2082,401,2,213.28,4,R. Gomez
1528,5/4/2025,1136,2043,401,3,3493.8,2,K. Nguyen
1529,5/4/2025,1194,2098,403,1,2451.22,2,R. Gomez
1530,5/4/2025,1045,2070,401,3,102.54,4,R. Gomez
1531,5/4/2025,1169,2024,403,3,621.35,6,M. Chen
1532,5/4/2025,1027,2080,403,3,2496.78,7,K. Nguyen
1533,5/4/2025,1021,2080,404,1,2247.1,3,M. Chen
1534,5/4/2025,1035,2004,402,0,1854.5,3,R. Gomez
1535,5/4/2025,1184,2075,402,3,2341.92,6,K. Nguyen
1536,5/4/2025,1099,2008,403,3,66.59,3,R. Gomez
1537,5/4/2025,1136,2057,401,0,1310.94,2,J. Alvarez
1538,5/4/2025,1086,2007,403,0,1750.17,8,K. Nguyen
1539,5/4/2025,1103,2015,402,3,2024.91,5,K. Nguyen
1540,5/4/2025,1173,2068,402,1,0,1,R. Gomez
1541,5/4/2025,1018,2004,402,3,927.25,3,J. Alvarez
1542,5/4/2025,1167,2002,404,0,866,8,S. Patel
1543,5/4/2025,1062,2089,402,0,2067.6,4,M. Chen
1544,5/4/2025,1044,2080,401,2,665.81,7,R. Gomez
1545,5/4/2025,1024,2058,402,0,2000.25,2,K. Nguyen
1546,5/4/2025,1027,2014,404,1,443.34,7,M. Chen
1547,5/4/2025,1016,2025,404,2,671.09,5,M. Chen
1548,5/4/2025,1188,2086,404,2,2861.12,5,M. Chen
1549,5/4/2025,1030,2087,402,2,382.37,6,S. Patel
1550,5/4/2025,1054,2097,401,1,2273.67,9,A. Torres
1551,5/4/2025,1085,2008,401,2,106.54,6,R. Gomez
1552,5/4/2025,1036,2096,404,1,1814.89,8,A. Torres
1553,5/4/2025,1178,2047,402,3,1004.94,7,A. Torres
1554,5/4/2025,1062,2074,401,1,1187.1,9,A. Torres
1555,5/4/2025,1025,2080,404,1,3745.17,4,M. Chen
1556,5/4/2025,1004,2062,401,0,2477.44,2,J. Alvarez
1557,5/4/2025,1001,2022,401,2,536.94,7,M. Chen
1558,5/4/2025,1106,2088,404,1,1276.83,6,M. Chen
1559,5/4/2025,1052,2018,403,3,2169.04,1,K. Nguyen
1560,5/4/2025,1105,2030,402,0,339.94,9,K. Nguyen
1561,5/4/2025,1152,2023,404,0,1879.08,9,A. Torres
1562,5/4/2025,1160,2038,403,3,0,2,M. Chen
1563,5/4/2025,1001,2071,402,1,1660.93,3,A. Torres
1564,5/4/2025,1030,2067,401,2,465.52,5,K. Nguyen
1565,5/4/2025,1194,2069,402,3,929.56,5,J. Alvarez
1566,5/4/2025,1197,2080,402,2,1331.62,1,R. Gomez
1567,5/4/2025,1013,2024,401,1,335.53,8,A. Torres
1568,5/4/2025,1175,2060,404,1,735.08,8,J. Alvarez
1569,5/4/2025,1040,2085,401,0,484.3,4,R. Gomez
1570,5/4/2025,1165,2046,403,1,60.17,7,S. Patel
1571,5/4/2025,1111,2032,403,3,3782.4,3,A. Torres
1572,5/4/2025,1011,2013,401,1,1683.65,6,A. Torres
1573,5/4/2025,1040,2003,404,0,385.18,9,S. Patel
1574,5/4/2025,1018,2030,404,2,135.98,1,S. Patel
1575,5/4/2025,1107,2025,403,1,754.97,5,A. Torres
1576,5/4/2025,1199,2014,403,1,0,4,S. Patel
1577,5/4/2025,1025,2030,404,1,0,8,M. Chen
1578,5/4/2025,1096,2028,401,3,2551.76,1,R. Gomez
1579,5/4/2025,1149,2062,401,3,1858.08,9,R. Gomez
1580,5/4/2025,1037,2027,404,1,465.5,6,R. Gomez
1581,5/4/2025,1099,2047,402,3,0,4,M. Chen
1582,5/4/2025,1184,2024,403,2,198.83,9,S. Patel
1583,5/4/2025,1051,2042,402,0,167.61,5,J. Alvarez
1584,5/4/2025,1177,2072,401,2,672.48,5,S. Patel
1585,5/4/2025,1034,2014,404,3,985.2,5,A. Torres
1586,5/4/2025,1107,2021,403,1,751.87,1,K. Nguyen
1587,5/4/2025,1075,2077,402,1,2528.24,1,R. Gomez
1588,5/4/2025,1147,2070,402,0,34.18,8,S. Patel
1589,5/4/2025,1105,2066,404,1,928.91,8,J. Alvarez
1590,5/4/2025,1151,2060,404,2,653.41,6,A. Torres
1591,5/4/2025,1003,2093,404,1,680.35,4,M. Chen
1592,5/4/2025,1063,2041,404,1,2171.37,2,M. Chen
1593,5/4/2025,1151,2019,401,3,933.93,2,J. Alvarez
1594,5/4/2025,1011,2005,404,0,428.78,9,A. Torres
1595,5/4/2025,1108,2067,404,3,290.95,5,R. Gomez
1596,5/4/2025,1178,2012,404,3,623.19,4,S. Patel
1597,5/4/2025,1061,2010,401,3,389.2,1,A. Torres
1598,5/4/2025,1055,2016,403,2,0,7,M. Chen
1599,5/4/2025,1061,2082,401,0,266.6,3,J. Alvarez
1600,5/4/2025,1122,2085,403,1,217.94,6,J. Alvarez
1601,5/4/2025,1180,2058,401,3,666.75,5,S. Patel
1602,5/4/2025,1118,2098,402,3,907.86,5,J. Alvarez
1603,5/4/2025,1047,2047,404,0,334.98,5,J. Alvarez
1604,5/4/2025,1160,2009,404,2,0,1,A. Torres
1605,5/4/2025,1135,2004,403,3,3709,1,R. Gomez
1606,5/4/2025,1192,2034,402,0,0,3,S. Patel
1607,5/4/2025,1158,2042,401,2,402.26,4,A. Torres
1608,5/4/2025,1013,2014,404,2,197.04,5,R. Gomez
1609,5/4/2025,1119,2079,401,2,4562.59,2,A. Torres
1610,5/4/2025,1093,2022,401,1,604.06,8,K. Nguyen
1611,5/4/2025,1035,2042,402,0,335.22,2,A. Torres
1612,5/4/2025,1166,2061,402,1,179.93,9,J. Alvarez
1613,5/4/2025,1082,2045,403,3,312.14,2,R. Gomez
1614,5/4/2025,1070,2006,401,2,633.6,9,S. Patel
1615,5/4/2025,1088,2057,404,0,436.98,7,S. Patel
1616,5/4/2025,1120,2090,403,3,214.92,8,R. Gomez
1617,5/4/2025,1158,2047,401,1,904.45,2,J. Alvarez
1618,5/4/2025,1117,2011,401,3,0,7,M. Chen
1619,5/4/2025,1045,2036,401,0,217.98,6,A. Torres
1620,5/4/2025,1042,2035,401,1,809.99,4,J. Alvarez
1621,5/4/2025,1127,2019,402,0,933.93,7,K. Nguyen
1622,5/4/2025,1075,2053,402,3,2440.6,4,R. Gomez
1623,5/4/2025,1088,2053,404,0,610.15,2,A. Torres
1624,5/4/2025,1074,2024,401,0,248.54,7,S. Patel
1625,5/4/2025,1059,2066,403,3,2064.24,8,M. Chen
1626,5/4/2025,1148,2043,403,3,873.45,2,K. Nguyen
1627,5/4/2025,1151,2085,404,3,726.45,5,S. Patel
1628,5/4/2025,1077,2072,402,2,1008.72,1,R. Gomez
1629,5/4/2025,1043,2033,402,3,836.25,7,A. Torres
1630,5/4/2025,1095,2036,401,1,392.36,8,R. Gomez
1631,5/4/2025,1090,2036,404,1,588.55,6,A. Torres
1632,5/4/2025,1158,2020,403,1,676.49,5,J. Alvarez
1633,5/4/2025,1044,2090,402,1,0,6,M. Chen
1634,5/4/2025,1060,2014,401,2,591.12,2,J. Alvarez
1635,5/4/2025,1147,2016,404,2,516.83,1,J. Alvarez
1636,5/4/2025,1094,2023,402,0,1879.08,7,R. Gomez
1637,5/4/2025,1170,2040,403,1,0,7,M. Chen
1638,5/4/2025,1095,2057,402,2,349.58,2,A. Torres
1639,5/4/2025,1031,2003,404,3,0,2,A. Torres
1640,5/4/2025,1196,2018,404,2,433.81,1,K. Nguyen
1641,5/4/2025,1039,2000,403,2,775.45,8,S. Patel
1642,5/4/2025,1121,2037,402,3,1080.42,8,K. Nguyen
1643,5/4/2025,1086,2088,401,3,2837.4,1,K. Nguyen
1644,5/4/2025,1010,2017,401,2,1112.88,8,A. Torres
1645,5/4/2025,1006,2051,402,3,351.96,9,R. Gomez
1646,5/4/2025,1091,2011,403,0,819.48,4,J. Alvarez
1647,5/4/2025,1155,2082,402,1,959.76,1,J. Alvarez
1648,5/4/2025,1005,2098,403,1,817.07,1,J. Alvarez
1649,5/4/2025,1005,2010,404,0,233.52,3,M. Chen
1650,5/4/2025,1131,2050,402,3,747.12,5,A. Torres
1651,5/4/2025,1081,2077,401,2,1797.86,5,R. Gomez
1652,5/4/2025,1101,2018,404,2,867.62,9,M. Chen
1653,5/4/2025,1098,2047,401,2,1071.94,2,S. Patel
1654,5/4/2025,1088,2044,403,3,830.32,2,R. Gomez
1655,5/4/2025,1143,2011,402,3,1229.22,6,K. Nguyen
1656,5/4/2025,1189,2053,404,2,1464.36,9,R. Gomez
1657,5/4/2025,1041,2093,404,3,2267.82,1,R. Gomez
1658,5/4/2025,1035,2075,401,1,1405.15,9,J. Alvarez
1659,5/4/2025,1053,2038,404,2,2964.83,9,R. Gomez
1660,5/4/2025,1016,2075,404,0,3122.56,9,K. Nguyen
1661,5/4/2025,1001,2052,403,3,731.26,5,K. Nguyen
1662,5/4/2025,1044,2071,404,1,553.64,9,A. Torres
1663,5/4/2025,1051,2023,404,2,0,4,R. Gomez
1664,5/4/2025,1141,2062,401,2,1486.46,2,J. Alvarez
1665,5/4/2025,1149,2038,404,3,926.51,6,R. Gomez
1666,5/4/2025,1057,2003,401,1,2079.97,4,S. Patel
1667,5/4/2025,1067,2038,404,0,926.51,6,S. Patel
1668,5/4/2025,1167,2085,403,3,242.15,3,J. Alvarez
1669,5/4/2025,1045,2062,402,0,1858.08,6,A. Torres
1670,5/4/2025,1030,2097,403,3,3368.4,2,A. Torres
1671,5/4/2025,1017,2076,403,3,0,2,K. Nguyen
1672,5/4/2025,1144,2055,403,3,161.82,9,K. Nguyen
1673,5/4/2025,1177,2015,403,0,674.97,7,M. Chen
1674,5/4/2025,1066,2020,401,1,1014.74,3,J. Alvarez
1675,5/4/2025,1081,2059,402,2,409.64,1,R. Gomez
1676,5/4/2025,1041,2006,403,2,475.2,8,J. Alvarez
1677,5/4/2025,1107,2081,403,0,3731.1,6,M. Chen
1678,5/4/2025,1074,2037,401,1,0,7,K. Nguyen
1679,5/4/2025,1196,2080,402,0,832.26,9,J. Alvarez
1680,5/4/2025,1153,2096,402,2,1075.49,5,J. Alvarez
1681,5/4/2025,1080,2087,403,2,127.46,1,K. Nguyen
1682,5/4/2025,1175,2089,403,0,2067.6,7,M. Chen
1683,5/4/2025,1136,2074,403,1,593.55,5,K. Nguyen
1684,5/4/2025,1003,2017,403,2,1112.88,3,A. Torres
1685,5/4/2025,1199,2062,404,2,990.98,9,R. Gomez
1686,5/4/2025,1041,2013,402,1,1683.65,1,K. Nguyen
1687,5/4/2025,1128,2028,402,0,0,1,M. Chen
1688,5/4/2025,1106,2058,401,0,1333.5,1,S. Patel
1689,5/4/2025,1033,2002,404,2,1385.6,3,A. Torres
1690,5/4/2025,1079,2088,403,1,2553.66,6,S. Patel
1691,5/4/2025,1113,2076,403,1,0,3,K. Nguyen
1692,5/4/2025,1181,2038,401,0,2779.53,8,A. Torres
1693,5/4/2025,1056,2016,402,1,872.15,2,R. Gomez
1694,5/4/2025,1078,2016,402,1,872.15,9,K. Nguyen
1695,5/4/2025,1020,2054,401,0,1801.02,3,R. Gomez
1696,5/4/2025,1004,2099,404,3,0,5,J. Alvarez
1697,5/4/2025,1010,2025,401,0,559.24,8,S. Patel
1698,5/4/2025,1168,2065,401,3,1411.02,2,A. Torres
1699,5/4/2025,1030,2032,401,0,945.6,6,R. Gomez
1700,5/4/2025,1077,2085,401,0,0,5,M. Chen
1701,5/4/2025,1005,2015,402,1,0,9,R. Gomez
1702,5/4/2025,1047,2085,403,0,242.15,5,M. Chen
1703,5/4/2025,1023,2018,403,2,0,2,K. Nguyen
1704,5/4/2025,1090,2020,402,0,751.66,5,A. Torres
1705,5/4/2025,1025,2074,401,1,593.55,4,R. Gomez
1706,5/4/2025,1183,2024,403,1,335.53,7,R. Gomez
1707,5/4/2025,1193,2068,401,0,820.24,6,A. Torres
1708,5/4/2025,1054,2064,404,2,235.23,2,R. Gomez
1709,5/4/2025,1178,2075,402,3,5464.48,5,M. Chen
1710,5/4/2025,1172,2013,402,2,2244.86,7,R. Gomez
1711,5/4/2025,1097,2054,402,1,810.46,7,S. Patel
1712,5/4/2025,1104,2014,403,0,246.3,5,K. Nguyen
1713,5/4/2025,1119,2014,402,3,1231.5,9,J. Alvarez
1714,5/4/2025,1195,2046,403,0,100.29,4,M. Chen
1715,5/4/2025,1021,2041,404,0,0,3,S. Patel
1716,5/4/2025,1098,2036,404,2,0,4,K. Nguyen
1717,5/4/2025,1175,2056,402,3,2098.88,5,A. Torres
1718,5/4/2025,1074,2054,402,0,2701.53,6,M. Chen
1719,5/4/2025,1121,2086,403,1,3218.76,3,J. Alvarez
1720,5/4/2025,1003,2086,404,0,1788.2,2,K. Nguyen
1721,5/4/2025,1101,2056,401,0,524.72,4,J. Alvarez
1722,5/4/2025,1036,2050,404,0,747.12,5,A. Torres
1723,5/4/2025,1189,2021,401,2,1336.66,4,A. Torres
1724,5/4/2025,1050,2043,402,3,873.45,3,M. Chen
1725,5/4/2025,1031,2029,404,3,40.53,8,R. Gomez
1726,5/4/2025,1071,2097,403,3,2526.3,4,A. Torres
1727,5/4/2025,1091,2060,404,3,1225.14,2,K. Nguyen
1728,5/4/2025,1130,2035,402,3,899.99,2,R. Gomez
1729,5/4/2025,1027,2015,403,3,0,1,S. Patel
1730,5/4/2025,1127,2029,402,0,40.53,4,J. Alvarez
1731,5/4/2025,1025,2094,401,0,1973.4,9,R. Gomez
1732,5/4/2025,1127,2086,401,1,4828.14,7,J. Alvarez
1733,5/4/2025,1097,2077,403,1,2022.59,7,R. Gomez
1734,5/4/2025,1077,2079,401,0,1901.08,7,S. Patel
1735,5/4/2025,1169,2096,404,3,672.18,8,A. Torres
1736,5/4/2025,1051,2037,404,3,1800.7,1,S. Patel
1737,5/4/2025,1129,2033,403,0,1672.5,8,A. Torres
1738,5/4/2025,1195,2004,404,0,2781.75,4,A. Torres
1739,5/4/2025,1098,2057,403,3,1310.94,4,J. Alvarez
1740,5/4/2025,1113,2058,401,0,2000.25,4,K. Nguyen
1741,5/4/2025,1045,2071,403,1,0,6,S. Patel
1742,5/4/2025,1125,2055,402,2,86.3,7,R. Gomez
1743,5/4/2025,1183,2049,404,0,1879.68,6,S. Patel
1744,5/4/2025,1145,2086,404,3,2682.3,1,J. Alvarez
1745,5/4/2025,1121,2071,402,0,1845.48,8,A. Torres
1746,5/4/2025,1100,2033,404,3,2508.75,7,J. Alvarez
1747,5/4/2025,1157,2086,403,2,1430.56,6,M. Chen
1748,5/4/2025,1082,2007,401,0,1750.17,6,M. Chen
1749,5/4/2025,1032,2046,403,0,167.15,5,R. Gomez
1750,5/4/2025,1195,2080,403,3,3329.04,6,J. Alvarez
1751,5/4/2025,1024,2054,403,2,0,9,R. Gomez
1752,5/4/2025,1105,2044,401,1,373.64,9,R. Gomez
1753,5/4/2025,1063,2030,403,0,509.91,8,M. Chen
1754,5/4/2025,1176,2008,403,0,133.18,9,R. Gomez
1755,5/4/2025,1086,2021,401,2,2004.98,8,M. Chen
1756,5/4/2025,1009,2058,404,3,2000.25,8,A. Torres
1757,5/4/2025,1068,2002,404,0,0,1,J. Alvarez
1758,5/4/2025,1081,2048,404,2,572.21,5,R. Gomez
1759,5/4/2025,1146,2012,404,0,623.19,4,M. Chen
1760,5/4/2025,1176,2086,402,2,1430.56,2,S. Patel
1761,5/4/2025,1127,2064,403,1,529.27,8,R. Gomez
1762,5/4/2025,1157,2038,403,3,4632.55,3,K. Nguyen
1763,5/4/2025,1051,2063,401,1,0,4,A. Torres
1764,5/4/2025,1073,2033,401,2,1338,7,A. Torres
1765,5/4/2025,1146,2051,402,0,0,9,S. Patel
1766,5/4/2025,1183,2074,401,2,0,2,M. Chen
1767,5/4/2025,1069,2008,404,3,66.59,3,R. Gomez
1768,5/4/2025,1053,2044,401,2,332.13,4,M. Chen
1769,5/4/2025,1129,2038,404,2,0,1,A. Torres
1770,5/4/2025,1051,2053,404,2,488.12,7,M. Chen
1771,5/4/2025,1159,2065,404,1,1693.22,2,A. Torres
1772,5/4/2025,1004,2080,402,3,3329.04,5,M. Chen
1773,5/4/2025,1054,2084,404,2,901.92,1,S. Patel
1774,5/4/2025,1163,2068,404,0,1640.48,3,J. Alvarez
1775,5/4/2025,1133,2025,403,3,838.86,2,S. Patel
1776,5/4/2025,1037,2030,402,2,271.95,1,S. Patel
1777,5/4/2025,1111,2052,403,0,731.26,7,J. Alvarez
1778,5/4/2025,1162,2026,404,2,169.25,5,J. Alvarez
1779,5/4/2025,1073,2082,402,2,213.28,1,R. Gomez
1780,5/4/2025,1175,2076,402,3,806.07,6,R. Gomez
1781,5/4/2025,1061,2014,402,1,665.01,5,S. Patel
1782,5/4/2025,1007,2031,403,3,1695.9,3,S. Patel
1783,5/4/2025,1124,2071,404,3,1845.48,7,A. Torres
1784,5/4/2025,1165,2004,402,1,1669.05,9,A. Torres
1785,5/4/2025,1069,2017,401,2,0,9,R. Gomez
1786,5/4/2025,1071,2084,402,0,281.85,9,K. Nguyen
1787,5/4/2025,1184,2062,401,0,2477.44,2,K. Nguyen
1788,5/4/2025,1021,2040,403,0,69.08,3,R. Gomez
1789,5/4/2025,1104,2046,401,3,167.15,7,A. Torres
1790,5/4/2025,1185,2017,402,0,1854.8,5,A. Torres
1791,5/4/2025,1146,2094,401,2,789.36,2,K. Nguyen
1792,5/4/2025,1127,2011,402,0,409.74,3,M. Chen
1793,5/4/2025,1197,2040,403,3,138.16,6,M. Chen
1794,5/4/2025,1191,2095,402,3,1963.16,7,A. Torres
1795,5/4/2025,1055,2018,401,1,488.03,9,M. Chen
1796,5/4/2025,1054,2035,404,3,899.99,1,J. Alvarez
1797,5/4/2025,1065,2075,401,3,3903.2,7,R. Gomez
1798,5/4/2025,1136,2047,401,2,267.98,8,R. Gomez
1799,5/4/2025,1139,2054,404,1,3241.84,3,A. Torres
1800,5/4/2025,1071,2018,403,3,0,4,S. Patel
1801,5/4/2025,1183,2047,403,0,1004.94,6,K. Nguyen
1802,5/4/2025,1165,2077,401,0,1685.49,7,A. Torres
1803,5/4/2025,1176,2085,402,2,581.16,4,M. Chen
1804,5/4/2025,1141,2049,403,2,1503.74,8,K. Nguyen
1805,5/4/2025,1175,2015,402,3,674.97,5,S. Patel
1806,5/4/2025,1099,2001,404,2,0,1,M. Chen
1807,5/4/2025,1077,2011,402,2,655.58,4,J. Alvarez
1808,5/4/2025,1053,2020,404,2,601.33,3,M. Chen
1809,5/4/2025,1196,2082,404,0,533.2,9,J. Alvarez
1810,5/4/2025,1070,2010,404,3,311.36,8,K. Nguyen
1811,5/4/2025,1188,2052,403,3,2925.04,1,J. Alvarez
1812,5/4/2025,1025,2020,403,0,375.83,6,K. Nguyen
1813,5/4/2025,1090,2053,403,3,1830.45,9,K. Nguyen
1814,5/4/2025,1177,2003,401,1,346.66,7,K. Nguyen
1815,5/4/2025,1161,2056,402,0,1049.44,4,K. Nguyen
1816,5/4/2025,1102,2025,403,2,0,1,K. Nguyen
1817,5/4/2025,1147,2010,401,1,70.06,2,M. Chen
1818,5/4/2025,1063,2066,402,3,516.06,5,K. Nguyen
1819,5/4/2025,1081,2057,404,1,786.56,5,M. Chen
1820,5/4/2025,1066,2022,403,2,536.94,8,K. Nguyen
1821,5/4/2025,1050,2010,404,2,62.27,6,J. Alvarez
1822,5/4/2025,1046,2050,404,1,336.2,8,K. Nguyen
1823,5/4/2025,1005,2002,402,0,3464,2,S. Patel
1824,5/4/2025,1118,2025,403,1,0,3,K. Nguyen
1825,5/4/2025,1012,2051,404,2,93.86,6,K. Nguyen
1826,5/4/2025,1038,2011,403,1,1475.06,3,J. Alvarez
1827,5/4/2025,1145,2015,401,3,2024.91,6,R. Gomez
1828,5/4/2025,1197,2058,404,0,666.75,6,J. Alvarez
1829,5/4/2025,1057,2091,402,1,815.21,2,S. Patel
1830,5/4/2025,1005,2034,403,3,544.68,7,R. Gomez
1831,5/4/2025,1097,2016,404,1,290.72,2,A. Torres
1832,5/4/2025,1153,2027,403,1,698.25,6,A. Torres
1833,5/4/2025,1107,2023,404,1,2536.76,1,S. Patel
1834,5/4/2025,1007,2037,403,1,648.25,3,J. Alvarez
1835,5/4/2025,1158,2057,402,2,699.17,2,M. Chen
1836,5/4/2025,1149,2087,404,0,637.28,7,S. Patel
1837,5/4/2025,1002,2060,402,2,326.7,4,R. Gomez
1838,5/4/2025,1177,2050,402,3,186.78,8,R. Gomez
1839,5/4/2025,1181,2054,403,0,1801.02,6,K. Nguyen
1840,5/4/2025,1024,2071,401,0,615.16,4,A. Torres
1841,5/4/2025,1085,2030,404,2,407.93,5,R. Gomez
1842,5/4/2025,1155,2085,401,0,726.45,9,S. Patel
1843,5/4/2025,1064,2064,404,2,940.93,7,R. Gomez
1844,5/4/2025,1101,2085,403,1,217.94,9,S. Patel
1845,5/4/2025,1143,2005,402,2,343.02,7,M. Chen
1846,5/4/2025,1043,2064,404,2,235.23,1,K. Nguyen
1847,5/4/2025,1119,2016,401,2,258.42,8,A. Torres
1848,5/4/2025,1181,2067,404,1,523.71,4,R. Gomez
1849,5/4/2025,1066,2014,403,0,0,3,S. Patel
1850,5/4/2025,1032,2063,403,2,441.97,7,J. Alvarez
1851,5/4/2025,1110,2036,403,2,348.77,3,A. Torres
1852,5/4/2025,1132,2040,404,1,124.34,8,M. Chen
1853,5/4/2025,1080,2094,404,1,0,6,S. Patel
1854,5/4/2025,1142,2084,404,0,0,5,K. Nguyen
1855,5/4/2025,1048,2019,401,1,840.54,4,K. Nguyen
1856,5/4/2025,1046,2004,404,2,741.8,8,M. Chen
1857,5/4/2025,1041,2090,404,3,358.2,8,M. Chen
1858,5/4/2025,1029,2063,401,3,1657.38,1,K. Nguyen
1859,5/4/2025,1091,2090,404,3,214.92,9,R. Gomez
1860,5/4/2025,1126,2014,402,0,492.6,5,R. Gomez
1861,5/4/2025,1089,2011,402,2,1638.96,4,S. Patel
1862,5/4/2025,1046,2021,403,1,2255.61,6,J. Alvarez
1863,5/4/2025,1149,2000,402,3,4846.55,6,S. Patel
1864,5/4/2025,1019,2031,404,0,1695.9,2,J. Alvarez
1865,5/4/2025,1084,2003,403,0,0,8,M. Chen
1866,5/4/2025,1100,2047,401,2,803.95,7,A. Torres
1867,5/4/2025,1039,2003,401,3,1155.54,1,S. Patel
1868,5/4/2025,1181,2084,404,3,1127.4,5,S. Patel
1869,5/4/2025,1160,2034,401,2,326.81,6,J. Alvarez
1870,5/4/2025,1011,2083,404,2,614.53,4,M. Chen
1871,5/4/2025,1187,2093,402,1,680.35,2,M. Chen
1872,5/4/2025,1012,2082,403,2,853.12,4,J. Alvarez
1873,5/4/2025,1014,2095,401,3,0,1,M. Chen
1874,5/4/2025,1023,2051,403,1,211.18,7,K. Nguyen
1875,5/4/2025,1061,2098,404,0,2723.58,2,R. Gomez
1876,5/4/2025,1005,2026,402,3,211.56,2,K. Nguyen
1877,5/4/2025,1199,2051,403,1,0,9,A. Torres
1878,5/4/2025,1030,2038,404,3,3706.04,5,S. Patel
1879,5/4/2025,1188,2039,402,2,1562.3,2,A. Torres
1880,5/4/2025,1170,2012,403,1,560.87,9,S. Patel
1881,5/4/2025,1125,2057,404,3,1310.94,9,R. Gomez
1882,5/4/2025,1068,2072,404,0,420.3,1,M. Chen
1883,5/4/2025,1193,2054,403,1,0,3,K. Nguyen
1884,5/4/2025,1111,2080,404,0,1664.52,4,J. Alvarez
1885,5/4/2025,1010,2065,403,3,0,7,K. Nguyen
1886,5/4/2025,1173,2028,402,3,2551.76,4,R. Gomez
1887,5/4/2025,1134,2080,401,2,1331.62,2,A. Torres
1888,5/4/2025,1119,2055,401,3,269.7,7,J. Alvarez
1889,5/4/2025,1076,2019,402,2,747.14,6,M. Chen
1890,5/4/2025,1063,2066,404,2,0,3,R. Gomez
1891,5/4/2025,1145,2006,401,0,0,6,J. Alvarez
1892,5/4/2025,1131,2013,404,3,4676.8,6,R. Gomez
1893,5/4/2025,1024,2059,403,2,0,5,R. Gomez
1894,5/4/2025,1065,2074,401,0,3297.5,4,M. Chen
1895,5/4/2025,1029,2094,404,1,0,1,S. Patel
1896,5/4/2025,1046,2050,401,0,560.34,6,J. Alvarez
1897,5/4/2025,1106,2090,403,2,114.62,2,M. Chen
1898,5/4/2025,1150,2092,404,3,482.21,3,R. Gomez
1899,5/4/2025,1159,2033,403,1,752.62,8,M. Chen
1900,5/4/2025,1054,2023,401,2,751.63,6,S. Patel
1901,5/4/2025,1172,2013,404,0,1870.72,3,K. Nguyen
1902,5/4/2025,1001,2050,401,0,560.34,7,J. Alvarez
1903,5/4/2025,1043,2083,404,3,2304.48,4,S. Patel
1904,5/4/2025,1177,2051,404,2,281.57,9,A. Torres
1905,5/4/2025,1158,2078,403,3,568.04,5,J. Alvarez
1906,5/4/2025,1077,2011,402,1,368.77,3,S. Patel
1907,5/4/2025,1003,2024,401,0,248.54,2,R. Gomez
1908,5/4/2025,1178,2024,401,1,223.69,2,J. Alvarez
1909,5/4/2025,1123,2083,402,1,1382.69,3,J. Alvarez
1910,5/4/2025,1111,2080,402,0,3329.04,2,M. Chen
1911,5/4/2025,1077,2098,404,1,817.07,4,R. Gomez
1912,5/4/2025,1121,2054,401,0,0,2,A. Torres
1913,5/4/2025,1042,2019,404,3,933.93,9,K. Nguyen
1914,5/4/2025,1120,2002,404,1,1558.8,2,S. Patel
1915,5/4/2025,1051,2037,404,0,0,9,M. Chen
1916,5/4/2025,1085,2001,401,3,412.35,6,S. Patel
1917,5/4/2025,1106,2063,403,0,0,1,A. Torres
1918,5/4/2025,1124,2051,404,3,351.96,4,A. Torres
1919,5/4/2025,1059,2091,401,0,1811.58,1,J. Alvarez
1920,5/4/2025,1108,2073,403,0,1498.29,6,A. Torres
1921,5/4/2025,1068,2082,404,3,0,4,S. Patel
1922,5/4/2025,1029,2063,403,3,3314.76,3,R. Gomez
1923,5/4/2025,1178,2055,401,1,242.73,3,R. Gomez
1924,5/4/2025,1073,2092,402,3,482.21,9,J. Alvarez
1925,5/4/2025,1088,2056,402,1,1888.99,6,K. Nguyen
1926,5/4/2025,1150,2087,403,3,477.96,9,S. Patel
1927,5/4/2025,1033,2037,404,3,1440.56,5,S. Patel
1928,5/4/2025,1172,2083,403,3,2304.48,2,A. Torres
1929,5/4/2025,1041,2079,402,2,2281.3,8,S. Patel
1930,5/4/2025,1176,2095,401,3,1472.37,5,M. Chen
1931,5/4/2025,1033,2022,402,1,1208.12,2,K. Nguyen
1932,5/4/2025,1155,2062,401,3,1858.08,4,A. Torres
1933,5/4/2025,1126,2038,402,1,1667.72,9,M. Chen
1934,5/4/2025,1142,2006,401,2,0,4,J. Alvarez
1935,5/4/2025,1066,2045,402,1,1123.7,4,R. Gomez
1936,5/4/2025,1128,2004,401,2,2967.2,2,J. Alvarez
1937,5/4/2025,1110,2014,402,0,246.3,6,R. Gomez
1938,5/4/2025,1143,2028,404,2,1531.06,2,J. Alvarez
1939,5/4/2025,1087,2045,401,2,0,7,S. Patel
1940,5/4/2025,1038,2088,401,0,1418.7,3,M. Chen
1941,5/4/2025,1112,2058,401,0,0,3,R. Gomez
1942,5/4/2025,1005,2078,401,0,426.03,5,A. Torres
1943,5/4/2025,1129,2013,402,0,1870.72,3,M. Chen
1944,5/4/2025,1052,2046,402,2,26.74,2,A. Torres
1945,5/4/2025,1181,2056,404,0,0,9,M. Chen
1946,5/4/2025,1039,2082,403,2,0,2,M. Chen
1947,5/4/2025,1035,2015,402,3,3374.85,2,J. Alvarez
1948,5/4/2025,1106,2098,401,1,1634.15,8,R. Gomez
1949,5/4/2025,1121,2043,403,1,1572.21,9,R. Gomez
1950,5/4/2025,1021,2034,403,3,544.68,7,M. Chen
1951,5/4/2025,1092,2080,402,1,3745.17,3,S. Patel
1952,5/4/2025,1192,2096,404,1,1814.89,9,S. Patel
1953,5/4/2025,1035,2054,404,3,0,3,A. Torres
1954,5/4/2025,1117,2066,403,0,0,5,A. Torres
1955,5/4/2025,1113,2018,401,0,1084.52,9,J. Alvarez
1956,5/4/2025,1021,2043,403,3,2620.35,3,M. Chen
1957,5/4/2025,1197,2021,404,0,1670.82,7,A. Torres
1958,5/4/2025,1100,2097,401,1,2273.67,1,A. Torres
1959,5/4/2025,1147,2007,403,3,0,4,K. Nguyen
1960,5/4/2025,1102,2087,403,2,0,4,M. Chen
1961,5/4/2025,1088,2001,403,1,1113.34,7,J. Alvarez
1962,5/4/2025,1179,2051,404,1,211.18,8,A. Torres
1963,5/4/2025,1139,2079,404,2,2281.3,1,J. Alvarez
1964,5/4/2025,1005,2083,404,1,691.34,5,R. Gomez
1965,5/4/2025,1077,2010,401,2,186.82,7,J. Alvarez
1966,5/4/2025,1099,2092,402,2,1157.3,4,S. Patel
1967,5/4/2025,1054,2011,403,2,327.79,4,S. Patel
1968,5/4/2025,1193,2081,402,0,2238.66,4,J. Alvarez
1969,5/4/2025,1007,2069,403,1,836.6,6,S. Patel
1970,5/4/2025,1198,2038,404,0,1853.02,7,R. Gomez
1971,5/4/2025,1187,2007,403,2,466.71,2,M. Chen
1972,5/4/2025,1160,2064,403,0,1176.16,5,S. Patel
1973,5/4/2025,1012,2096,401,3,672.18,4,S. Patel
1974,5/4/2025,1076,2073,401,3,499.43,3,J. Alvarez
1975,5/4/2025,1086,2030,402,2,407.93,7,R. Gomez
1976,5/4/2025,1076,2036,402,3,217.98,6,M. Chen
1977,5/4/2025,1133,2094,402,0,1973.4,7,J. Alvarez
1978,5/4/2025,1083,2066,402,2,1238.54,5,J. Alvarez
1979,5/4/2025,1116,2012,402,3,0,6,K. Nguyen
1980,5/4/2025,1105,2010,401,0,155.68,5,R. Gomez
1981,5/4/2025,1108,2016,404,1,872.15,7,M. Chen
1982,5/4/2025,1114,2009,403,3,198.93,2,R. Gomez
1983,5/4/2025,1150,2071,404,2,492.13,5,M. Chen
1984,5/4/2025,1149,2063,404,3,2762.3,6,R. Gomez
1985,5/4/2025,1176,2062,404,1,557.42,6,J. Alvarez
1986,5/4/2025,1036,2064,402,3,294.04,5,J. Alvarez
1987,5/4/2025,1182,2058,402,0,0,7,A. Torres
1988,5/4/2025,1177,2027,404,3,1034.44,8,S. Patel
1989,5/4/2025,1008,2095,402,2,0,7,K. Nguyen
1990,5/4/2025,1030,2077,404,0,1123.66,5,R. Gomez
1991,5/4/2025,1030,2047,403,0,334.98,1,K. Nguyen
1992,5/4/2025,1133,2019,401,2,747.14,5,A. Torres
1993,5/4/2025,1078,2047,403,2,535.97,2,S. Patel
1994,5/4/2025,1124,2003,402,1,1386.65,5,R. Gomez
1995,5/4/2025,1005,2075,404,0,3122.56,5,M. Chen
1996,5/4/2025,1078,2036,402,1,588.55,2,S. Patel
1997,5/4/2025,1189,2062,401,0,2477.44,5,J. Alvarez
1998,5/4/2025,1140,2044,401,0,207.58,4,A. Torres
1999,5/4/2025,1106,2061,403,3,599.76,1,S. Patel
2000,5/4/2025,1086,2048,404,1,321.87,3,S. Patel
6,5/4/2025,1089,2028,401,0,1275.88,1,J. Alvarez
